ISO,cell,elevation,population_density,EVI,cattle,goat,sheep,irrigation,LC_200,LC_202,LC_210,LC_150,LC_180,LC_130,LC_120,LC_170,LC_201,LC_110,LC_30,LC_40,LC_153,LC_190,LC_20,LC_100,LC_62,LC_60,LC_11,LC_10,annual_mean_temperature,mean_temperature_warmest_quarter,mean_temperature_coldest_quarter,annual_precipitation,precipitation_wettest_month,precipitation_driest_month,precipitation_seasonality_cv,precipitation_wettest_quarter,precipitation_driest_quarter,precipitation_warmest_quarter,precipitation_coldest_quarter,mean_diurnal_range,isothermality,temperature_seasonality,max_temperature_warmest_month,max_temperature_coldest_month,temperature_annual_range,mean_temperature_wettest_quarter,worldclim_9,nrow,ncol,lon,lat
DJI,13,183,565.9520187,565.9520187,453.1337363,453.1337363,453.1337363,0,0.769764216,0,0,0.230235784,0,0,0,0,0,0,0,0,0,0,0,0,0,0,0,0,30.48001124,34.44572078,26.56396392,58.81081081,9.445945946,0,43.17538004,22.91891892,6.527027027,13.47297297,13.60810811,9.130743323,50.95553666,324.5563148,39.96621596,22.04729743,17.91891853,34.24414361,32.03671144,18,17,43.00708318,12.65791682
DJI,14,-6,1174.696596,1174.696596,531.1633352,531.1633352,531.1633352,0,0.924651163,0.00372093,0.00372093,0.067906977,0,0,0,0,0,0,0,0,0,0,0,0,0,0,0,0,30.65758554,34.41780605,26.92720809,49.56410256,8.700854701,0,45.02100721,19.13675214,4.700854701,10.43589744,12,8.777136583,51.1495585,309.6221011,39.65811956,22.49999997,17.15811959,34.25398858,32.11638198,18,17,43.10708318,12.65791682
DJI,29,404,1343.067494,1343.067494,814.6222822,814.6222822,814.6222822,0,0.709651899,0,0,0.274525316,0.011075949,0.002373418,0.002373418,0,0,0,0,0,0,0,0,0,0,0,0,0,29.50086928,33.59964017,25.48213426,87.62589928,12.56115108,1.057553957,39.217065,33.18705036,12.28776978,22.57553957,19.71223022,9.117206217,50.45688069,333.6079455,38.94748191,20.87985611,18.0676258,33.32673841,31.18968833,18,17,42.90708318,12.55791682
DJI,30,293.5,797.3718572,797.3718572,519.8246938,519.8246938,519.8246938,0,0.773148148,0,0,0.220679012,0.00617284,0,0,0,0,0,0,0,0,0,0,0,0,0,0,0,29.82106479,33.89687504,25.84826395,75.13194444,10.88194444,0.513888889,40.71075967,28.21527778,9.541666667,17.94444444,17.30555556,8.823032346,49.65171772,331.2979332,39.23750001,21.46805563,17.76944437,33.64467598,31.4570602,18,17,43.00708318,12.55791682
DJI,31,122,1022.303534,1022.303534,440.7975767,440.7975767,440.7975767,0,0.80632716,0,0,0.19367284,0,0,0,0,0,0,0,0,0,0,0,0,0,0,0,0,30.43417244,34.40972212,26.56550921,60.06944444,10.09722222,0,44.62286237,22.86805556,6.340277778,12.77083333,13.88888889,8.778414382,50.00045215,323.6890469,39.82986148,22.2722222,17.55763928,34.19895821,31.98055583,18,17,43.10708318,12.55791682
DJI,32,-143,1839.173384,1839.173384,578.0165621,578.0165621,578.0165621,0.107288599,0.992957746,0,0.001173709,0.005868545,0,0,0,0,0,0,0,0,0,0,0,0,0,0,0,0,30.55649125,34.38543934,26.83754397,52.70526316,9.168421053,0,45.42439969,19.45263158,4.905263158,10.26315789,12.51578947,8.513508646,50.10039906,312.4488243,39.60105254,22.60842119,16.99263135,34.14964967,32.33929807,18,17,43.20708318,12.55791682
DJI,41,624,1330.231746,1330.231746,1001.872227,1001.872227,1001.872227,,0.950782998,0,0,0,0,0.014541387,0,0,0.034675615,0,0,0,0,0,0,0,0,0,0,0,25.57832452,29.7712766,21.4661348,241.287234,39.57446809,7.372340426,43.19053268,98.80851064,41.57446809,77.9893617,51.63829787,10.3633865,53.880295,340.9277104,35.3351062,16.10851068,19.22659555,29.29450352,27.02358155,18,17,42.40708318,12.45791682
DJI,42,569.5,1084.394101,1084.394101,876.920608,876.920608,876.920608,0,0.993506494,0,0,0,0,0,0,0,0.006493506,0,0,0,0,0,0,0,0,0,0,0,27.00925239,31.27806368,22.82034312,183.5808824,29.01470588,4.830882353,41.66137841,73.83823529,31.02205882,57.02205882,39.84558824,10.23174017,53.22456663,346.643635,36.84852923,17.62573534,19.22279389,30.85208325,28.96973048,18,17,42.50708318,12.45791682
DJI,43,610,296.700386,296.700386,878.1350373,878.1350373,878.1350373,,1,0,0,0,0,0,0,0,0,0,0,0,0,0,0,0,0,0,0,0,27.68240729,31.95222219,23.4974074,158.7111111,24.62222222,3.977777778,40.46204741,62.88888889,26.48888889,48.11111111,33.88888889,9.9011112,52.36130778,346.4069689,37.38444468,18.4755555,18.90888918,31.55222244,29.5977779,18,17,42.60708318,12.45791682
DJI,45,625,589.9736702,589.9736702,1245.411802,1245.411802,1245.411802,,0.916666667,0,0,0.066939891,0,0.00273224,0,0,0,0.013661202,0,0,0,0,0,0,0,0,0,0,28.91540565,33.16030708,24.791886,111.1315789,16.23684211,1.828947368,38.29916864,41.53947368,16.82894737,29.84210526,24.56578947,9.327083261,50.49887848,343.5181821,38.54999959,20.08026316,18.46973643,32.83552601,30.69978082,18,17,42.80708318,12.45791682
DJI,46,525.5,2057.727449,2057.727449,927.7456867,927.7456867,927.7456867,0,0.706018519,0,0,0.293981481,0,0,0,0,0,0,0,0,0,0,0,0,0,0,0,0,28.32728587,32.58773155,24.20717588,119.5694444,16.84027778,1.986111111,37.29714431,43.74305556,18.5,30.84722222,27.21527778,8.845544014,49.09850677,344.2305044,37.74722237,19.73263886,18.01458351,32.25532403,30.1090277,18,17,42.90708318,12.45791682
DJI,47,415,1438.317526,1438.317526,653.6504468,653.6504468,653.6504468,0,0.540895062,0,0,0.459104938,0,0,0,0,0,0,0,0,0,0,0,0,0,0,0,0,28.92711231,33.18009259,24.84641197,99.66666667,13.50694444,1.236111111,37.64679752,35.60416667,14.20833333,23.83333333,23.22916667,8.601909763,48.30535234,342.7881637,38.3909723,20.58333335,17.80763895,32.87777776,30.64421295,18,17,43.00708318,12.45791682
DJI,48,221,736.2461925,736.2461925,633.276628,633.276628,633.276628,0,0.905092593,0,0,0.094135802,0,0.000771605,0,0,0,0,0,0,0,0,0,0,0,0,0,0,29.68194448,33.88333342,25.6847222,79.05555556,11.35416667,0.458333333,40.58185681,28.10416667,9.868055556,17.20833333,18.67361111,8.538310183,48.25294458,337.810098,39.22361104,21.52847225,17.69513879,33.60752323,31.34733799,18,17,43.10708318,12.45791682
DJI,49,110.5,930.0028384,930.0028384,707.4960971,707.4960971,707.4960971,0,1,0,0,0,0,0,0,0,0,0,0,0,0,0,0,0,0,0,0,0,30.10483212,34.19976846,26.21238422,65.47916667,10.16666667,0.041666667,42.73218701,23.04166667,6.972222222,12.89583333,15.68055556,8.355266174,48.34309761,329.9033981,39.44861092,22.16388896,17.28472196,33.91898137,32.08692127,18,17,43.20708318,12.45791682
DJI,50,-5.5,1829.289947,1829.289947,687.4473562,687.4473562,687.4473562,0,0.951986755,0,0.018211921,0,0,0.006622517,0,0.01986755,0.003311258,0,0,0,0,0,0,0,0,0,0,0,30.410628,34.32898563,26.69903388,54.50724638,8.449275362,0,43.34926036,18.82608696,4.724637681,9.492753623,13.8115942,7.81545892,47.63026069,316.082148,39.2000001,22.81159404,16.38840606,32.17560387,32.82657032,18,17,43.30708318,12.45791682
DJI,57,457,370.1375134,370.1375134,338.7554782,338.7554782,338.7554782,,0.953519256,0,0,0,0,0,0.019920319,0,0.026560425,0,0,0,0,0,0,0,0,0,0,0,28.5867615,32.84535864,24.44409284,151.4683544,28.20253165,3.860759494,51.85868208,68.59493671,24.64556962,54.60759494,27.02531646,9.942510557,52.17521672,343.7405921,38.42531663,19.36962034,19.05569629,32.39831232,30.52405072,18,17,42.30708318,12.35791682
DJI,58,503,1931.385877,1931.385877,1070.250289,1070.250289,1070.250289,0,0.985339506,0,0,0.00154321,0,0.00154321,0,0,0.011574074,0,0,0,0,0,0,0,0,0,0,0,28.77546296,33.05428265,24.64942125,146.6805556,26.3125,3.493055556,49.7260365,64.73611111,23.84027778,50.88194444,26.51388889,10.29293982,52.86562302,343.6655062,38.84236116,19.37430549,19.46805567,32.59918976,30.19398144,18,17,42.40708318,12.35791682
DJI,59,587,2381.333038,2381.333038,919.3966411,919.3966411,919.3966411,0.162796751,0.93287037,0,0,0.011574074,0.00154321,0.023919753,0,0,0.030092593,0,0,0,0,0,0,0,0,0,0,0,27.78527198,32.11273167,23.61168986,166.2152778,26.97222222,4.104166667,43.49595104,68.11111111,27.4375,52.49305556,34.27083333,10.02586804,52.11292574,348.4352701,37.71041671,18.47152791,19.23888881,31.66585656,29.73101861,18,17,42.50708318,12.35791682
DJI,60,701,949.3292322,949.3292322,929.6936168,929.6936168,929.6936168,0,0.990513834,0,0,0.002371542,0,0,0,0,0.007114625,0,0,0,0,0,0,0,0,0,0,0,27.61991729,31.96241137,23.41489373,163.8297872,25.19148936,3.957446809,40.30374449,64.13475177,26.9929078,48.57446809,35.42553191,9.873640669,51.76358305,350.818965,37.45602861,18.3815602,19.07446841,31.54669034,29.5553192,18,17,42.60708318,12.35791682
DJI,61,716,563.1674652,563.1674652,846.4307028,846.4307028,846.4307028,0,1,0,0,0,0,0,0,0,0,0,0,0,0,0,0,0,0,0,0,0,27.86058001,32.23447689,23.6457516,152.3921569,22.64705882,3.31372549,38.53461913,57.3627451,24.66666667,42.60784314,33.69607843,9.60204246,50.78152485,352.6669593,37.66372554,18.75588245,18.90784308,31.84166663,29.75915037,18,17,42.70708318,12.35791682
DJI,62,731,795.1348326,795.1348326,1105.335373,1105.335373,1105.335373,0,0.990740741,0,0,0.009259259,0,0,0,0,0,0,0,0,0,0,0,0,0,0,0,0,27.69907415,32.0944445,23.47881946,150.4513889,21.22916667,3.0625,36.96650894,54.28472222,24.40972222,39.38194444,34.77083333,9.370138877,50.04385911,354.1951122,37.43680565,18.71388895,18.7229167,31.71238424,29.58958337,18,17,42.80708318,12.35791682
DJI,63,640,1121.067478,1121.067478,1188.260702,1188.260702,1188.260702,0,0.807098765,0,0,0.192901235,0,0,0,0,0,0,0,0,0,0,0,0,0,0,0,0,27.62401621,32.06099541,23.38726858,144.7777778,19.74305556,2.6875,35.82322004,50.52777778,23.39583333,35.98611111,34.13194444,9.042939795,48.9408031,356.3576923,37.32222223,18.84513893,18.4770833,31.6782408,29.50972226,18,17,42.90708318,12.35791682
DJI,64,449.5,675.3269708,675.3269708,971.4565385,971.4565385,971.4565385,0,0.81404321,0,0,0.185185185,0,0.000771605,0,0,0,0,0,0,0,0,0,0,0,0,0,0,28.05274893,32.49895851,23.8446759,129.9027778,16.93055556,2.013888889,35.52815803,43.73611111,19.93055556,30.09027778,31.38888889,8.812326418,48.24694384,355.4304685,37.75763883,19.49375,18.26388882,32.13032402,30.27013898,18,17,43.00708318,12.35791682
DJI,65,152,578.7101014,578.7101014,821.1066788,821.1066788,821.1066788,0,0.967592593,0,0,0.032407407,0,0,0,0,0,0,0,0,0,0,0,0,0,0,0,0,28.88897571,33.31215284,24.74687502,105.7916667,13.45138889,1.104166667,36.61605695,34.27083333,14.32638889,22.30555556,26.27777778,8.479803304,47.31715579,352.107741,38.56111113,20.64027776,17.92083338,32.91006964,31.66122693,18,17,43.10708318,12.35791682
DJI,66,76,534.2619674,534.2619674,731.3888795,731.3888795,731.3888795,0,1,0,0,0,0,0,0,0,0,0,0,0,0,0,0,0,0,0,0,0,30.09603593,34.46863431,26.03738423,75.54861111,10.29166667,0.006944444,40.72997345,24.98611111,8.222222222,14.16666667,18.57638889,8.61799766,47.76904535,347.8202246,40.04722222,22.00694451,18.04027771,32.57048599,32.86770839,18,17,43.20708318,12.35791682
DJI,67,0,2497.931631,2497.931631,821.7603594,821.7603594,821.7603594,0.214572698,0.97751004,0,0.00562249,0,0,0,0,0.01686747,0,0,0,0,0,0,0,0,0,0,0,0,30.4827338,34.70899261,26.5652277,63.03597122,9.287769784,0,42.37287211,21.38129496,6.057553957,10.74820144,15.33093525,8.627338121,48.42310492,337.0978688,40.26762574,22.45107911,17.81654663,31.41630697,33.76091132,18,17,43.30708318,12.35791682
DJI,73,426,165.7031884,165.7031884,280.8327627,280.8327627,280.8327627,0,0.996363636,0,0,0,0,0,0,0,0.003636364,0,0,0,0,0,0,0,0,0,0,0,28.93621797,33.2288456,24.77884608,147.8461538,29.57692308,3.769230769,56.7283937,69.69230769,23.73076923,56.5,24.11538462,9.71025632,51.21021388,346.0458844,38.82692308,19.86538462,18.96153846,32.77628165,29.94679473,18,17,42.20708318,12.25791682
DJI,74,411,1073.06344,1073.06344,1237.88726,1237.88726,1237.88726,0,0.990573449,0,0,0,0,0.002356638,0,0,0.007069914,0,0,0,0,0,0,0,0,0,0,0,28.06636893,32.39202367,23.88630962,172.4928571,31.70714286,4.507142857,51.17692367,76.85714286,28.15714286,60.91428571,32.18571429,9.988928563,51.93367729,348.7893444,38.05142863,18.8178571,19.23357153,31.91928564,29.49166667,18,17,42.30708318,12.25791682
DJI,75,526,1478.416233,1478.416233,1118.6139,1118.6139,1118.6139,0.162789494,0.895833333,0,0,0.005401235,0,0.077160494,0.010030864,0,0.008487654,0,0.00308642,0,0,0,0,0,0,0,0,0,28.76820027,33.08877322,24.61273152,152.1666667,27.74305556,3.791666667,50.69506444,67.54861111,24.97916667,53.38194444,26.63194444,9.918923577,51.59664832,346.4960361,38.77708337,19.55416674,19.22291663,32.61828714,29.07488434,18,17,42.40708318,12.25791682
DJI,76,663,1291.930429,1291.930429,860.599612,860.599612,860.599612,0,0.983796296,0,0,0.002314815,0,0.00462963,0,0,0.009259259,0,0,0,0,0,0,0,0,0,0,0,27.91958916,32.29004635,23.7189815,168.5694444,27.625,4.25,44.35419297,69.01388889,27.65972222,53.16666667,34.36805556,9.746585634,51.02795543,351.2379576,37.82777784,18.72847221,19.09930563,31.84189819,29.78356493,18,17,42.50708318,12.25791682
DJI,77,732,1328.312203,1328.312203,926.4416272,926.4416272,926.4416272,0,0.99845679,0,0,0,0,0.00154321,0,0,0,0,0,0,0,0,0,0,0,0,0,0,27.26215275,31.70312505,23.0145834,181.5972222,27.23611111,4.243055556,39.52426108,69.14583333,29.52777778,51.6875,41.36805556,10.08344913,51.86726239,357.2834926,37.31944466,17.87916672,19.44027793,31.26400459,29.23958331,18,17,42.60708318,12.25791682
DJI,78,693,1215.453999,1215.453999,885.3430529,885.3430529,885.3430529,0,1,0,0,0,0,0,0,0,0,0,0,0,0,0,0,0,0,0,0,0,27.07902204,31.60185178,22.77986107,181.2083333,25.82638889,4.055555556,37.280967,65.38888889,29.40972222,48.16666667,43.1875,9.846122682,50.91408825,362.927699,37.13402777,17.7979167,19.33611107,31.16689812,29.05682868,18,17,42.70708318,12.25791682
DJI,79,655,1362.586204,1362.586204,839.2008151,839.2008151,839.2008151,0,1,0,0,0,0,0,0,0,0,0,0,0,0,0,0,0,0,0,0,0,26.31629048,30.89421299,21.9804399,196.2708333,26.25,4.541666667,35.29683359,67.23611111,32.47222222,48.79861111,49.71527778,9.53836806,49.96678731,366.8369783,36.23541673,17.14722221,19.08819452,30.45069455,28.41377311,18,17,42.80708318,12.25791682
DJI,80,556,672.841485,672.841485,1374.767217,1374.767217,1374.767217,0,0.984567901,0,0,0.015432099,0,0,0,0,0,0,0,0,0,0,0,0,0,0,0,0,26.28023729,30.9164352,21.91030088,194.2708333,24.88194444,4.333333333,33.90225728,63.93055556,31.74305556,45.98611111,50.38888889,9.314525425,49.17274804,370.32767,36.22083338,17.27986104,18.94097234,30.46215285,29.31157407,18,17,42.90708318,12.25791682
DJI,81,373,668.8498151,668.8498151,1054.103765,1054.103765,1054.103765,0,0.994598765,0,0,0.005401235,0,0,0,0,0,0,0,0,0,0,0,0,0,0,0,0,27.08654512,31.73819448,22.75254626,169.4097222,21.15972222,3.104166667,33.73853754,53.19444444,25.52083333,37,44.91666667,8.970196731,48.07476009,369.0161504,37.01527773,18.35763889,18.65763884,29.21793975,30.91655097,18,17,43.00708318,12.25791682
DJI,82,121,838.0679078,838.0679078,1211.193954,1211.193954,1211.193954,0,0.853395062,0,0,0.017746914,0,0.111882716,0,0,0.00617284,0,0,0.010802469,0,0,0,0,0,0,0,0,27.76336809,32.37731481,23.51944435,146.8541667,18.58333333,2.069444444,34.52442922,45.47222222,20.20833333,29.42361111,39.54861111,8.419560164,46.46880396,363.44735,37.50416679,19.38749997,18.11666682,26.99479167,31.52118062,18,17,43.10708318,12.25791682
DJI,83,60,667.6943545,667.6943545,878.1123408,878.1123408,878.1123408,0,0.994598765,0,0,0.000771605,0,0.00308642,0,0,0.00154321,0,0,0,0,0,0,0,0,0,0,0,29.11524883,33.68194434,24.96435179,105.1319444,14.11111111,0.743055556,37.68770912,33.59027778,12.49305556,19.17361111,27.95833333,8.113715284,45.57247655,358.2037739,38.89444441,21.09166657,17.80277785,27.1256943,32.74756944,18,17,43.20708318,12.25791682
DJI,84,0,1207.79522,1207.79522,790.833955,790.833955,790.833955,0,1,0,0,0,0,0,0,0,0,0,0,0,0,0,0,0,0,0,0,0,30.24933451,34.75636572,26.16539345,72.38194444,10.11111111,0.013888889,40.79514045,23.47222222,7.583333333,12.17361111,18.23611111,8.33744214,46.17422464,354.2978918,40.31666652,22.26111086,18.05555566,29.86249987,33.72847201,18,17,43.30708318,12.25791682
DJI,85,-16,749.3222733,749.3222733,822.0481735,822.0481735,822.0481735,0,0.974137931,0,0.005747126,0,0,0,0,0.014367816,0,0,0,0,0.005747126,0,0,0,0,0,0,0,30.27025183,34.61434103,26.34418603,63.76744186,9.860465116,0,41.66627795,20.53488372,6.255813953,9.813953488,16.27906977,8.317635691,47.01553451,342.0593255,39.9813951,22.2906975,17.6906976,28.2926355,33.73333332,18,17,43.40708318,12.25791682
DJI,90,366,1004.839681,1004.839681,772.1316776,772.1316776,772.1316776,0,0.944922547,0,0,0.011187608,0,0.013769363,0,0,0.030120482,0,0,0,0,0,0,0,0,0,0,0,29.37387562,33.70224862,25.20542319,141.1111111,29.52380952,3.19047619,60.3996503,68.63492063,21.36507937,55.46031746,21.53174603,9.676455074,50.77113367,347.9631195,39.39285717,20.33492049,19.05793668,33.24060855,28.16455027,18,17,42.20708318,12.15791682
DJI,91,366,1805.701338,1805.701338,702.7531895,702.7531895,702.7531895,0,0.824845679,0,0,0.163580247,0,0.003858025,0,0,0.007716049,0,0,0,0,0,0,0,0,0,0,0,29.57045707,33.93020807,25.39594885,137.2986111,27.78472222,3.166666667,57.62219421,65.125,20.73611111,52.5625,20.73611111,10.01174763,51.43602888,349.389179,39.83402748,20.3701387,19.46388878,33.46099509,25.77928215,18,17,42.30708318,12.15791682
DJI,92,549,2793.609326,2793.609326,829.1588757,829.1588757,829.1588757,0.488330513,0.81404321,0,0,0.073302469,0,0.111111111,0,0,0.00154321,0,0,0,0,0,0,0,0,0,0,0,29.43541669,33.83391179,25.26388896,139.9236111,26.94444444,3.541666667,54.27226859,64.375,21.26388889,51.625,21.28472222,9.879745218,50.73150484,349.9054606,39.73819433,20.26319448,19.47499985,33.34363413,25.39166673,18,17,42.40708318,12.15791682
DJI,93,739,1997.123074,1997.123074,929.2464346,929.2464346,929.2464346,0,0.967592593,0,0,0.00617284,0.002314815,0.00462963,0,0,0.019290123,0,0,0,0,0,0,0,0,0,0,0,27.98776044,32.44282402,23.74652782,175.0416667,28.84027778,4.416666667,45.53865727,71.25694444,27.75694444,54.81944444,35.79861111,9.815451344,50.67674584,356.296693,38.1013888,18.73541674,19.36597206,31.9710647,27.74907405,18,17,42.50708318,12.15791682
DJI,94,762,1532.312246,1532.312246,904.558132,904.558132,904.558132,0,1,0,0,0,0,0,0,0,0,0,0,0,0,0,0,0,0,0,0,0,26.64059598,31.17708323,22.33761582,208.9166667,29.77777778,4.9375,38.02291968,75.25,33.52777778,55.53472222,52.54166667,10.25387729,51.90186609,363.5578719,36.85972211,17.10347221,19.7562499,30.69965284,28.67071768,18,17,42.60708318,12.15791682
DJI,95,670,1190.281032,1190.281032,971.7519729,971.7519729,971.7519729,0,1,0,0,0,0,0,0,0,0,0,0,0,0,0,0,0,0,0,0,0,26.39311331,31.00532399,22.03738428,210.9305556,28.5,4.819444444,36.39042862,71.84027778,33.875,52.35416667,55.42361111,9.954745392,50.84654986,369.3833389,36.56249989,16.98611104,19.57638885,30.53877319,28.63993059,18,17,42.70708318,12.15791682
DJI,96,579,1129.571008,1129.571008,1008.031638,1008.031638,1008.031638,0,0.982253086,0,0,0.013117284,0,0,0,0,0.00462963,0,0,0,0,0,0,0,0,0,0,0,25.53793403,30.22210655,21.13043978,230.3958333,29.53472222,5.4375,35.08126693,75.72916667,37.02083333,54.45833333,62.61111111,9.774710668,50.1946174,374.4493652,35.66666667,16.19305558,19.47361109,29.74722219,29.06249997,18,17,42.80708318,12.15791682
DJI,97,472,664.5929952,664.5929952,879.4914,879.4914,879.4914,0,0.919753086,0,0,0.073302469,0,0,0,0,0.006944444,0,0,0,0,0,0,0,0,0,0,0,26.38501158,31.13807868,21.95567126,204.8402778,26.11111111,4.180555556,34.79865607,64.98611111,31.03472222,45.25694444,56.41666667,9.440856496,48.98162026,377.6230874,36.56597238,17.29652785,19.26944453,26.37025464,30.32256945,18,17,42.90708318,12.15791682
DJI,98,297,713.3734198,713.3734198,1200.524587,1200.524587,1200.524587,0,0.99691358,0,0,0.00154321,0,0,0,0,0.00154321,0,0,0,0,0,0,0,0,0,0,0,28.15726274,32.93009244,23.81122684,149.3819444,20.44444444,1.958333333,35.80129139,47.92361111,19.75694444,29.25,40.94444444,8.83292824,46.88125843,374.2342915,38.35833343,19.51805548,18.84027795,24.28298599,32.02569432,18,17,43.00708318,12.15791682
DJI,99,91,1389.146654,1389.146654,1068.202665,1068.202665,1068.202665,0,0.877314815,0,0,0.058641975,0,0.032407407,0,0,0.020061728,0,0,0.011574074,0,0,0,0,0,0,0,0,28.69076962,33.46423607,24.4128472,132.6944444,19.25,1.222222222,38.15242852,44.56944444,15.95138889,23.42361111,37.13888889,8.366840276,45.42596459,371.2552768,38.78402779,20.36527771,18.41875007,24.87523149,32.50335628,18,17,43.10708318,12.15791682
DJI,100,45,941.704587,941.704587,919.3572933,919.3572933,919.3572933,0,0.99537037,0,0,0.002314815,0,0.00154321,0,0,0,0,0,0.000771605,0,0,0,0,0,0,0,0,29.6023438,34.34930552,25.37476856,103.2013889,15.0625,0.305555556,40.40975507,34.77083333,11.43055556,16.6875,28.35416667,8.228761594,44.85801111,368.3427024,39.8034721,21.46111104,18.34236105,25.93171289,33.36412011,18,17,43.20708318,12.15791682
DJI,101,0,1144.69939,1144.69939,692.3668967,692.3668967,692.3668967,0,1,0,0,0,0,0,0,0,0,0,0,0,0,0,0,0,0,0,0,0,30.31365742,35.0157401,26.11967594,79.5,11.66666667,0.006944444,40.65759097,25.23611111,8.8125,12.39583333,20.17361111,8.581713094,45.85251374,366.3294226,40.85069429,22.13611127,18.71458301,29.33969911,34.0355321,18,17,43.30708318,12.15791682
DJI,102,-22,3054.03532,3054.03532,896.2523731,896.2523731,896.2523731,0,0.899700599,0,0.001497006,0,0.010479042,0.010479042,0,0.070359281,0.004491018,0,0,0.002994012,0,0,0,0,0,0,0,0,30.36757472,34.88739327,26.36709377,66.98717949,10.91025641,0,43.03806417,21.70512821,6.743589744,9.705128205,17.33333333,8.300106721,45.9440894,351.5359376,40.44102576,22.3769228,18.06410296,27.71602547,33.91388898,18,17,43.40708318,12.15791682
DJI,106,458,412.778968,412.778968,742.5732382,742.5732382,742.5732382,0,0.955254943,0,0,0,0,0,0,0,0.044745057,0,0,0,0,0,0,0,0,0,0,0,27.43991665,31.82700001,23.19133337,196.18,38.97,5.13,57.22485554,92.69,31.16,73.19,35.52,9.732666693,50.91082603,355.8953131,37.40400002,18.28800007,19.11599995,31.30100002,29.49766678,18,17,42.10708318,12.05791682
DJI,107,442,2200.560781,2200.560781,1032.133581,1032.133581,1032.133581,0,0.922839506,0,0,0.023919753,0.002314815,0.003858025,0,0,0.047067901,0,0,0,0,0,0,0,0,0,0,0,29.41901044,33.83229152,25.19328708,141.6736111,30.125,3.229166667,61.19971614,69.44444444,21.23611111,55.875,22.13888889,9.313483821,49.15815658,354.2344988,39.44930559,20.50486114,18.94444444,33.3621528,29.79861097,18,17,42.20708318,12.05791682
DJI,108,427,3020.125021,3020.125021,727.3558358,727.3558358,727.3558358,0.325607985,0.928240741,0,0,0.030092593,0,0.010802469,0,0,0.029320988,0,0.00154321,0,0,0,0,0,0,0,0,0,29.72719902,34.18425934,25.50266205,135.0972222,27.83333333,3.159722222,57.5808715,63.8125,20.5,51.52083333,20.98611111,9.3229167,48.87596448,355.5012506,39.87569449,20.81458309,19.0611114,33.72060177,27.79305544,18,17,42.30708318,12.05791682
DJI,109,610,1724.699296,1724.699296,934.1064704,934.1064704,934.1064704,0,0.856481481,0,0,0.025462963,0,0.027777778,0,0,0.090277778,0,0,0,0,0,0,0,0,0,0,0,29.19768525,33.72222209,24.92268524,148.9236111,28.69444444,3.611111111,53.26556574,67.24305556,23.52777778,53.50694444,24.38888889,9.46504622,48.99143116,360.0286075,39.47013884,20.15416661,19.31597224,33.2187495,27.30312508,18,17,42.40708318,12.05791682
DJI,110,796,2667.369488,2667.369488,776.504631,776.504631,776.504631,0,0.980709877,0,0,0,0.003858025,0,0,0,0.015432099,0,0,0,0,0,0,0,0,0,0,0,27.2574653,31.89247694,22.88796294,197.375,30.57638889,4.652777778,42.6794659,75.4375,31.0625,56.79861111,46.46527778,9.604861114,49.32505774,369.5086142,37.4736112,18.00694451,19.4666667,31.38483797,28.87500001,18,17,42.50708318,12.05791682
DJI,111,808,1528.65254,1528.65254,943.8005727,943.8005727,943.8005727,0,0.985339506,0,0,0.014660494,0,0,0,0,0,0,0,0,0,0,0,0,0,0,0,0,25.87465276,30.56493047,21.47986125,242.0833333,32.30555556,5.569444444,38.27982834,82.26388889,37.26388889,59.32638889,68.0625,10.37858799,51.5158355,373.8064732,36.33333312,16.18680557,20.14652759,30.03969909,28.12974534,18,17,42.60708318,12.05791682
DJI,112,701,1343.105939,1343.105939,868.6426678,868.6426678,868.6426678,0,1,0,0,0,0,0,0,0,0,0,0,0,0,0,0,0,0,0,0,0,25.29126165,30.02337962,20.84814816,256.3402778,32.50694444,6.013888889,37.04222181,83.51388889,39.46527778,59.65972222,74.18055556,10.01030096,50.37435926,377.9664222,35.6194445,15.74791668,19.87152783,29.49814827,28.99745366,18,17,42.70708318,12.05791682
DJI,113,595,2112.578967,2112.578967,766.0036758,766.0036758,766.0036758,0,0.858024691,0,0,0.013117284,0,0.020061728,0,0,0.108024691,0.000771605,0,0,0,0,0,0,0,0,0,0,25.02748844,29.78877318,20.55046292,258.2847222,32.16666667,5.979166667,35.87755042,82.52777778,39.45138889,58.18055556,74.28472222,9.825810181,49.86146365,380.1570729,35.28680558,15.5819445,19.70486104,27.08298609,29.05601855,18,17,42.80708318,12.05791682
DJI,114,480,1996.840609,1996.840609,729.7388165,729.7388165,729.7388165,0,0.771604938,0,0,0,0,0.045524691,0,0,0.172839506,0,0,0.010030864,0,0,0,0,0,0,0,0,26.08666086,30.90324071,21.60543981,224.6319444,28.61111111,4.326388889,35.71428124,71.81944444,32.03472222,46.53472222,65.02777778,9.385127286,48.27988142,382.0130494,36.34375005,16.90555553,19.43819455,23.05231477,30.10277775,18,17,42.90708318,12.05791682
DJI,115,285.5,1375.874916,1375.874916,1268.760775,1268.760775,1268.760775,0,0.611111111,0,0,0.000771605,0,0.034722222,0.007716049,0,0.340277778,0,0,0.005401235,0,0,0,0,0,0,0,0,27.5071759,32.39178236,23.05879631,173.5555556,23.78472222,2.3125,36.47589554,56.79861111,22.26388889,32.22916667,49.5625,8.766319394,46.04665036,382.7661457,37.7902778,18.75624996,19.03402784,23.52777776,31.48738423,18,17,43.00708318,12.05791682
DJI,116,45,2312.848561,2312.848561,1331.214587,1331.214587,1331.214587,0,0.62808642,0,0,0.030092593,0,0.061728395,0.006944444,0,0.259259259,0.00154321,0,0.012345679,0,0,0,0,0,0,0,0,28.72659144,33.63888884,24.36793978,136.2291667,20.28472222,1.111111111,39.74923136,46.63888889,15.67361111,22.24305556,38.76388889,8.068344891,43.74114201,379.804281,38.93680554,20.49374998,18.44305556,24.84861113,32.61701397,18,17,43.10708318,12.05791682
DJI,117,22,1707.8504,1707.8504,762.6639444,762.6639444,762.6639444,0,0.912808642,0,0,0.085648148,0,0.00154321,0,0,0,0,0,0,0,0,0,0,0,0,0,0,29.91090849,34.8307871,25.59305555,97.79166667,14.50694444,0.006944444,42.02165519,32.59722222,11.25694444,14.95833333,25.97916667,8.111863414,43.57977483,378.9329806,40.45972207,21.84791663,18.61180544,26.95532393,33.76296282,18,17,43.20708318,12.05791682
DJI,118,0,3300.471657,3300.471657,564.7214632,564.7214632,564.7214632,0,0.893518519,0,0,0.104166667,0,0,0.002314815,0,0,0,0,0,0,0,0,0,0,0,0,0,30.24623836,35.06701345,26.00972229,87.30555556,13.45833333,0,41.68656328,28.05555556,10.36111111,12.68055556,22.22222222,8.59953728,45.598785,372.6668332,40.86736102,22.01111115,18.85624986,27.94293968,34.03657381,18,17,43.30708318,12.05791682
DJI,119,-91,3417.172783,3417.172783,639.406807,639.406807,639.406807,0,0.982046679,0,0.003590664,0.003590664,0,0,0,0,0.010771993,0,0,0,0,0,0,0,0,0,0,0,30.2342662,34.87189034,26.16990055,76.26865672,12.59701493,0,42.75705451,24.88059701,8.492537313,10.34328358,20.05970149,8.474751245,46.16395956,358.5186667,40.42835799,22.07164204,18.35671596,26.8218905,33.85373107,18,17,43.40708318,12.05791682
DJI,122,609.5,366.7764192,366.7764192,629.2262649,629.2262649,629.2262649,0,0.845971564,0,0,0.078199052,0.004739336,0.018957346,0,0,0.052132701,0,0,0,0,0,0,0,0,0,0,0,26.92825196,31.42317107,22.56341441,203.7073171,42.51219512,5.268292683,61.32554571,99.48780488,31.82926829,78.90243902,35.70731707,9.455691035,49.54256783,365.3499987,36.99268295,17.90975594,19.08292701,30.84308945,28.47195123,18,17,42.00708318,11.95791682
DJI,123,556.5,1329.472452,1329.472452,905.5820082,905.5820082,905.5820082,0,0.854938272,0,0,0,0.074074074,0.010802469,0,0,0.060185185,0,0,0,0,0,0,0,0,0,0,0,25.53385409,29.97418973,21.21053244,258.8125,49,7.055555556,53.55217428,117.1111111,42.40277778,91.40277778,51.80555556,9.943634219,51.02109059,361.9237137,35.71666657,16.23124994,19.48541664,29.38078699,27.20335637,18,17,42.10708318,11.95791682
DJI,124,495,1786.712685,1786.712685,909.0556742,909.0556742,909.0556742,0,0.926697531,0,0,0.005401235,0.054783951,0.00154321,0,0,0.011574074,0,0,0,0,0,0,0,0,0,0,0,26.39522566,30.84826382,22.08599537,238.3333333,44.81944444,6.472222222,53.89917729,106.6597222,38.82638889,83.29166667,47.92361111,9.780613456,50.27131891,361.2114319,36.5756944,17.13680558,19.43888881,30.28148142,27.66574082,18,17,42.20708318,11.95791682
DJI,125,434.5,3201.530486,3201.530486,651.7619902,651.7619902,651.7619902,0.162798807,0.875,0,0,0.020061728,0.080246914,0.017746914,0,0,0.006944444,0,0,0,0,0,0,0,0,0,0,0,30.37696762,34.88923595,26.13668993,116.7638889,24.78472222,2.256944444,56.84484254,53.84722222,17.3125,43.86111111,19.45138889,8.635416713,46.4670149,357.7569866,40.36388877,21.78263888,18.58124989,34.40011562,32.30219899,18,17,42.30708318,11.95791682
DJI,126,682.5,1440.056803,1440.056803,710.9385645,710.9385645,710.9385645,0,0.630401235,0,0,0.008487654,0.334876543,0.00308642,0,0,0.023148148,0,0,0,0,0,0,0,0,0,0,0,28.2481193,32.83877304,23.90810188,171.2430556,30.61805556,3.9375,48.46749549,71.75694444,26.94444444,55.86805556,35.02083333,9.022743073,47.7021496,366.3286656,38.20347227,19.29097223,18.91250004,32.3081018,30.32604167,18,17,42.40708318,11.95791682
DJI,127,866.5,2297.683883,2297.683883,754.9172833,754.9172833,754.9172833,0,0.19058642,0,0,0,0.804783951,0,0,0,0.00462963,0,0,0,0,0,0,0,0,0,0,0,26.30162035,31.09432864,21.82488428,228.6597222,32.40972222,5.104166667,41.02480083,80.81944444,34.42361111,59.11805556,62.99305556,9.393055505,48.28423924,381.2975256,36.49513883,17.04722226,19.44791657,30.53993053,28.46215281,18,17,42.50708318,11.95791682
DJI,128,677.5,3837.716531,3837.716531,970.1562978,970.1562978,970.1562978,0,0.851080247,0,0,0,0.148919753,0,0,0,0,0,0,0,0,0,0,0,0,0,0,0,24.83292819,29.74155086,20.28379628,281.0208333,35.47222222,6.416666667,39.79900225,92.26388889,41.10416667,64.61805556,86.30555556,10.18958329,50.18323175,389.9253765,35.46388865,15.15972224,20.30416648,27.22094907,28.36423608,18,17,42.60708318,11.95791682
DJI,129,567,2939.373945,2939.373945,857.58565,857.58565,857.58565,0,0.891203704,0,0,0,0.05632716,0.013117284,0,0,0.039351852,0,0,0,0,0,0,0,0,0,0,0,23.80130212,28.6175928,19.26550921,315.5069444,41.10416667,8.125,37.5522933,105.9305556,50.22916667,75.64583333,91.1875,10.18628473,50.4054362,385.5190408,34.34791676,14.13958336,20.20833343,27.620139,27.93194448,18,17,42.70708318,11.95791682
DJI,130,457.5,2858.817863,2858.817863,722.6834652,722.6834652,722.6834652,0,0.530092593,0,0,0.00154321,0.033179012,0.186728395,0,0,0.238425926,0.008487654,0,0.00154321,0,0,0,0,0,0,0,0,24.10150463,28.95659718,19.55520838,301.8472222,37.8125,7.125,37.04600448,99.21527778,45.65972222,67.39583333,89.70833333,9.947800954,49.69918166,386.609091,34.56805566,14.55555553,20.01250007,23.87048607,28.22731476,18,17,42.80708318,11.95791682
DJI,131,366,4632.680217,4632.680217,760.96046,760.96046,760.96046,0,0.114969136,0,0,0,0.021604938,0.270833333,0.00154321,0,0.537037037,0.019290123,0,0.034722222,0,0,0,0,0,0,0,0,24.31964697,29.17233797,19.77233801,291.1666667,36.71527778,6.736111111,36.10448898,95.3125,44.11111111,63.24305556,84.81944444,9.493229151,48.52103628,386.3233884,34.51597232,14.95972224,19.55625014,24.1967593,28.42268515,18,17,42.90708318,11.95791682
DJI,132,205.75,3222.066738,3222.066738,1092.360689,1092.360689,1092.360689,0,0.007716049,0,0,0,0.032407407,0.088734568,0.100308642,0,0.450617284,0.214506173,0,0.094907407,0,0,0.010802469,0,0,0,0,0,25.68527206,30.67337977,21.10694443,241.1180556,32.41666667,4.138888889,37.99847878,81.02083333,31.65277778,44.40972222,72.875,8.566840261,45.23048155,392.3339094,35.76180543,16.83611108,18.92569433,22.40868051,29.78854165,18,17,43.00708318,11.95791682
DJI,133,0,3161.558245,3161.558245,1209.16583,1209.16583,1209.16583,0,0.524564184,0,0,0.065768621,0.027733756,0.045958796,0.003961965,0,0.326465927,0.003169572,0,0.002377179,0,0,0,0,0,0,0,0,29.05721049,34.04137107,24.72068555,132.1702128,20.59574468,0.709219858,43.83440359,47.32624113,13.85815603,19.07801418,38.75886525,7.634042554,41.92668371,381.0953434,39.22411322,21.01702129,18.20709193,25.52553199,32.9146572,18,17,43.10708318,11.95791682
DJI,134,0,2945.958331,2945.958331,828.8988708,828.8988708,828.8988708,0,0.729970326,0,0.00148368,0.268545994,0,0,0,0,0,0,0,0,0,0,0,0,0,0,0,0,30.03503088,34.895679,25.85411529,93.86419753,14.87654321,0,45.95167165,32.67901235,10.41975309,12.91358025,25.44444444,7.757510268,42.82725643,370.5292829,40.17654301,22.06296313,18.11357988,27.63415645,33.7617284,18,17,43.20708318,11.95791682
DJI,139,556.5,1143.125859,1143.125859,820.3758949,820.3758949,820.3758949,0,0.955947137,0,0,0.001762115,0.014096916,0.026431718,0,0,0,0.001762115,0,0,0,0,0,0,0,0,0,0,27.41566795,31.9534435,23.0110193,191.4628099,42.66942149,4.776859504,66.79012314,98.19834711,28.1322314,78.03305785,30.75206612,9.249242459,48.64208786,369.3204621,37.47768598,18.46611559,19.01157039,31.35785125,26.37768593,18,17,42.00708318,11.85791682
DJI,140,579,861.0363984,861.0363984,987.6179208,987.6179208,987.6179208,0.332646787,0.854166667,0,0,0.040895062,0.071759259,0.026234568,0,0,0.006944444,0,0,0,0,0,0,0,0,0,0,0,28.59947907,33.13912019,24.22349531,156.9097222,35.68055556,3.715277778,68.06449302,81.25,22.79166667,65.61111111,24.96527778,8.896180603,47.42694214,366.4956207,38.59583333,19.84027788,18.75555544,32.55266211,29.84432871,18,17,42.10708318,11.85791682
DJI,141,426,1439.406642,1439.406642,936.2932118,936.2932118,936.2932118,0,0.814814815,0,0,0,0.165895062,0.013888889,0,0,0.005401235,0,0,0,0,0,0,0,0,0,0,0,26.34496523,30.87986104,21.96423614,231.6736111,43.60416667,6.006944444,53.83295557,104.0277778,36.27777778,80.47916667,47.86805556,9.402314795,49.03440997,367.9821542,36.38472234,17.21666667,19.16805567,30.26493053,28.28564815,18,17,42.20708318,11.85791682
DJI,142,274,2562.72192,2562.72192,675.0428111,675.0428111,675.0428111,0,0.726851852,0,0,0.002314815,0.260030864,0.006944444,0,0,0.003858025,0,0,0,0,0,0,0,0,0,0,0,28.59522569,33.17291648,24.23865743,161.4583333,32.53472222,3.694444444,56.14040828,73.64583333,24.35416667,58.56944444,30.53472222,8.674131953,46.54261547,366.6281815,38.45833347,19.83611104,18.62222241,32.6112269,30.50208338,18,17,42.30708318,11.85791682
DJI,143,716,2714.85457,2714.85457,712.030869,712.030869,712.030869,0,0.270833333,0,0,0.00308642,0.600308642,0.05632716,0,0,0.069444444,0,0,0,0,0,0,0,0,0,0,0,28.0205151,32.62268507,23.66759258,175.125,30.20833333,3.777777778,47.56256676,69.70833333,26.47222222,53.73611111,40.3125,8.66186338,46.81543265,367.3260042,37.68263886,19.1909722,18.49166666,32.06388889,30.12349529,18,17,42.40708318,11.85791682
DJI,144,906.5,2771.456188,2771.456188,722.8735607,722.8735607,722.8735607,0,0.093364198,0,0,0,0.752314815,0.002314815,0,0,0.152006173,0,0,0,0,0,0,0,0,0,0,0,24.50205437,29.24861109,20.0333333,298.25,41.35416667,7.284722222,40.80529242,104.9166667,46.46527778,75.32638889,85.95833333,9.775405102,49.49551389,380.2761186,34.73263889,14.98888891,19.74374991,28.65092586,26.79502311,18,17,42.50708318,11.85791682
DJI,145,152,5546.450788,5546.450788,994.3983936,994.3983936,994.3983936,0,0.523148148,0,0,0,0.409722222,0.00308642,0,0,0.06404321,0,0,0,0,0,0,0,0,0,0,0,23.55787032,28.42615747,18.98391203,330.8958333,45.19444444,8.430555556,40.27816796,115.8541667,52.47222222,82.22916667,95.3125,10.23541664,50.14926325,390.2389554,34.25555558,13.84722227,20.40833341,26.44814808,26.94756942,18,17,42.60708318,11.85791682
DJI,146,76,8585.331238,8585.331238,1092.029464,1092.029464,1092.029464,0,0.347222222,0,0,0,0.297067901,0.114969136,0.025462963,0,0.172067901,0.031635802,0,0.010802469,0,0,0,0.000771605,0,0,0,0,25.3987847,30.48159719,20.73819451,271.1111111,37.18055556,4.666666667,42.77872806,97.35416667,33.36111111,52.25,89.88194444,9.168981506,46.700248,400.5102711,35.85277777,16.23402775,19.61875002,21.20555549,29.62627322,18,17,42.70708318,11.85791682
DJI,147,0,6498.564583,6498.564583,863.6275007,863.6275007,863.6275007,0,0.552469136,0,0,0.006944444,0.089506173,0.25617284,0,0,0.091049383,0.003858025,0,0,0,0,0,0,0,0,0,0,27.06603013,32.12175922,22.50717588,214.7083333,32.90277778,2.854166667,43.33786299,78.54166667,24.28472222,37.70138889,67.24305556,8.417245355,44.23894183,393.126649,37.34444446,18.33611109,19.00833335,23.01840279,31.15532406,18,17,42.80708318,11.85791682
DJI,148,0,6374.606705,6374.606705,840.4749234,840.4749234,840.4749234,0,0.577932099,0,0,0,0.093364198,0.185185185,0,0,0.136574074,0.006944444,0,0,0,0,0,0,0,0,0,0,27.92991896,32.96435188,23.4274306,182.6666667,28.74305556,1.888888889,43.89771212,67.25,19.20833333,28.95833333,56.125,7.967824032,42.92864617,389.2483376,38.00972199,19.46458332,18.54513868,23.89340279,31.92465283,18,17,42.90708318,11.85791682
DJI,149,0,4615.544707,4615.544707,831.096263,831.096263,831.096263,0,0.25177026,0,0.00393391,0,0.341463415,0.099921322,0.004720692,0,0.290322581,0.007867821,0,0,0,0,0,0,0,0,0,0,28.22005195,33.28877322,23.73680554,164.6111111,25.97916667,1.319444444,43.99575143,60.125,16.67361111,23.63194444,50.25,7.597395831,41.79837184,390.0672902,38.1756946,20.0041667,18.1715279,24.26736115,32.19756929,18,17,43.00708318,11.85791682
DJI,155,518,1200.992887,1200.992887,867.8895847,867.8895847,867.8895847,0,0.946557971,0,0,0.010869565,0,0.008152174,0,0,0.03442029,0,0,0,0,0,0,0,0,0,0,0,28.95980394,33.3852941,24.6462185,149.6134454,38.43697479,3.218487395,80.31195883,85.20168067,18.18487395,69.58823529,19.06722689,8.564705913,46.78797448,360.1453234,38.75462178,20.45042027,18.30420151,32.78305317,26.42170871,18,17,41.90708318,11.75791682
DJI,156,525.5,1464.858102,1464.858102,890.0805337,890.0805337,890.0805337,0,0.849537037,0,0,0,0.002314815,0.099537037,0,0,0.043209877,0.005401235,0,0,0,0,0,0,0,0,0,0,26.7640914,31.22523145,22.38657407,211.75,46.77777778,5.368055556,66.79901629,107.7777778,30.0625,85.125,34.54166667,9.19751156,48.42106499,365.8442711,36.77013895,17.78124999,18.98888897,30.59004639,24.36655094,18,17,42.00708318,11.75791682
DJI,157,548,782.1870928,782.1870928,903.0713431,903.0713431,903.0713431,0.277158797,0.946759259,0,0,0.025462963,0.019290123,0.00462963,0,0,0.003858025,0,0,0,0,0,0,0,0,0,0,0,28.67893517,33.23518532,24.25590274,163.2291667,38.15277778,3.652777778,71.78670539,86.08333333,23.08333333,69.24305556,25.63888889,8.907291618,47.05973774,370.27888,38.80625002,19.88958334,18.91666671,32.62997688,29.66099523,18,17,42.10708318,11.75791682
DJI,158,403,868.0844841,868.0844841,950.8209151,950.8209151,950.8209151,0.05543175,0.869598765,0,0,0.050154321,0.074845679,0.003858025,0,0,0.00154321,0,0,0,0,0,0,0,0,0,0,0,28.88735533,33.51666684,24.44201383,157.9236111,34.91666667,3.472222222,65.65952235,78.78472222,22.81944444,62.98611111,27.93055556,8.899479151,46.98435571,374.2576203,39.00277781,20.06458347,18.93819435,32.91365743,31.14895822,18,17,42.20708318,11.75791682
DJI,159,259,2651.998747,2651.998747,808.1873358,808.1873358,808.1873358,0,0.929783951,0,0.008487654,0.015432099,0.023148148,0.011574074,0,0,0.00462963,0,0,0,0.006944444,0,0,0,0,0,0,0,28.70564234,33.39861103,24.2561343,159.0833333,32.27777778,3.333333333,56.93034546,72.13194444,23.59722222,56.84027778,31.78472222,8.242650479,44.8375512,375.7945741,38.46597224,20.10694442,18.35902782,32.83194435,30.86249997,18,17,42.30708318,11.75791682
DJI,160,487,3310.036601,3310.036601,724.4787284,724.4787284,724.4787284,0,0.630401235,0.00154321,0.00617284,0.05941358,0.148148148,0.020061728,0,0,0.114197531,0,0,0,0.020061728,0,0,0,0,0,0,0,29.74765627,34.34351846,25.47708339,131.5972222,25.47222222,2.201388889,50.80351657,54.09027778,19.5,42.84722222,27.38888889,7.655729148,43.320523,362.6807009,39.10347221,21.47986113,17.62361108,33.81759248,31.69999995,18,17,42.40708318,11.75791682
DJI,161,556,2007.784664,2007.784664,675.0831721,675.0831721,675.0831721,0,0.466049383,0,0,0,0.325617284,0.033179012,0,0,0.175154321,0,0,0,0,0,0,0,0,0,0,0,25.58839696,30.27060182,21.17708331,265.2777778,39.06944444,6.020833333,42.65150711,95.78472222,41.61111111,69.34027778,71.71527778,9.396932883,48.62098665,374.4421524,35.56805555,16.26666671,19.30138878,29.6611112,28.05567137,18,17,42.50708318,11.75791682
DJI,162,76,5838.760907,5838.760907,1001.825907,1001.825907,1001.825907,0,0.028549383,0,0,0,0.835648148,0.017746914,0.00308642,0,0.107253086,0,0,0,0,0,0,0.007716049,0,0,0,0,22.37225122,26.91643516,17.9721065,380.8958333,61.16666667,11.66666667,44.14005253,151.2708333,63.77083333,112.8888889,86.34027778,10.38281247,51.3112501,370.051076,32.79305528,12.56527776,20.22777744,25.87222224,22.04050918,18,17,42.60708318,11.75791682
DJI,163,68,7626.580856,7626.580856,1010.562215,1010.562215,1010.562215,0,0.010835913,0,0.000773994,0,0.409442724,0.073529412,0.082043344,0,0.207430341,0.085913313,0,0.041021672,0,0,0.059597523,0.029411765,0,0,0,0,26.39658562,31.42789357,21.78773146,240.2152778,35.00694444,3.861111111,43.53577601,86.38194444,29.47222222,47.57638889,74.23611111,8.215625044,43.78760693,394.719845,36.38333346,17.66041674,18.72291674,23.2648148,30.40520834,18,17,42.70708318,11.75791682
DJI,172,518,1934.939498,1934.939498,758.045287,758.045287,758.045287,0,0.87345679,0,0,0.002314815,0,0.015432099,0,0,0.108024691,0.000771605,0,0,0,0,0,0,0,0,0,0,29.31982067,33.75208308,24.99872687,142.6875,38.61805556,2.833333333,86.03950776,84.59027778,15.84722222,69.625,17.05555556,8.496817132,46.50718673,361.0123435,39.10486113,20.83680545,18.26805568,33.13113438,26.88356487,18,17,41.90708318,11.65791682
DJI,173,495.5,1127.354291,1127.354291,774.213943,774.213943,774.213943,0.166286543,0.635030864,0,0,0,0.010802469,0.266203704,0,0,0.087962963,0,0,0,0,0,0,0,0,0,0,0,27.15946183,31.56435173,22.83020828,213.6875,48.82638889,5.25,72.33569527,111.7291667,28.53472222,88.53472222,33.375,9.374363383,48.96325564,362.0381118,37.27847211,18.14097226,19.13749989,30.90856486,24.67546303,18,17,42.00708318,11.65791682
DJI,174,518,1010.395233,1010.395233,906.0278197,906.0278197,906.0278197,0,0.674382716,0,0,0.003858025,0.045524691,0.246141975,0.00154321,0,0.028549383,0,0,0,0,0,0,0,0,0,0,0,25.92861685,30.40486109,21.50601851,255.1111111,53.92361111,6.770833333,64.2803168,125.1041667,36.39583333,98.01388889,44.15277778,9.552488413,48.85251943,369.4560121,36.25347217,16.72152787,19.53194434,29.74756943,24.2961805,18,17,42.10708318,11.65791682
DJI,175,381,803.8527818,803.8527818,924.804367,924.804367,924.804367,0,0.944444444,0,0,0.033950617,0.014660494,0.00308642,0,0,0.003858025,0,0,0,0,0,0,0,0,0,0,0,29.64861112,34.22476867,25.18252316,139.1944444,33.74305556,2.611111111,72.20943281,74.26388889,19.31944444,60.27083333,22.15277778,8.724884265,46.54353801,373.7245693,39.66736097,20.9229168,18.74444417,33.61446758,31.77534717,18,17,42.20708318,11.65791682
DJI,176,244,2735.795349,2735.795349,855.7843306,855.7843306,855.7843306,0,0.906635802,0.00154321,0,0.009259259,0.040895062,0.00462963,0,0,0.029320988,0,0,0,0.007716049,0,0,0,0,0,0,0,28.67659138,33.38923603,24.16226857,157.0694444,32.40972222,3.0625,57.7155123,72.11111111,23.34027778,56.52083333,31.35416667,8.073784706,43.97114939,380.7304603,38.43055545,20.1111111,18.31944435,32.79317127,30.94675926,18,17,42.30708318,11.65791682
DJI,177,259,2710.347887,2710.347887,655.2202841,655.2202841,655.2202841,0,0.300925926,0,0.605709877,0.041666667,0,0,0.002314815,0,0.034722222,0,0,0,0.014660494,0,0,0,0,0,0,0,30.98133689,35.60300912,26.73518521,89.77083333,18.06944444,1.013888889,49.37050411,34.97916667,12.42361111,28.69444444,19.54861111,6.01255793,37.08071314,361.6622187,39.77291663,23.6180554,16.15486124,35.12743031,32.78692134,18,17,42.40708318,11.65791682
DJI,178,205.5,4132.666134,4132.666134,780.7449844,780.7449844,780.7449844,0,0.957561728,0,0.030092593,0.002314815,0,0,0,0,0.010030864,0,0,0,0,0,0,0,0,0,0,0,29.30295135,34.13854175,24.80798619,146.3194444,25.46527778,2.125,46.53575526,53.34027778,21.84722222,40.95138889,33.82638889,8.209606495,44.26548886,382.6444467,39.21597219,20.68194447,18.53402771,33.58310176,32.21134261,18,17,42.50708318,11.65791682
DJI,179,0,3071.036325,3071.036325,883.5507875,883.5507875,883.5507875,0,0.491512346,0,0,0,0.3125,0.002314815,0,0,0.19367284,0,0,0,0,0,0,0,0,0,0,0,27.31704284,32.24872679,22.71377313,199.6875,28.07638889,2.986111111,42.5627465,65.3125,26.05555556,44.27777778,56.10416667,8.635127342,45.61555346,392.4890122,37.26944462,18.34861107,18.92083357,26.1818287,31.47407414,18,17,42.60708318,11.65791682
DJI,188,564,951.9511404,951.9511404,1055.803252,1055.803252,1055.803252,0,0.544840887,0,0,0,0,0.208293153,0.00289296,0,0.051108968,0.173577628,0,0,0,0,0.019286403,0,0,0,0,0,26.42643946,30.65121203,22.1609092,245.3818182,60.26363636,5.663636364,79.19785787,134.0363636,25.46363636,108.2272727,30.77272727,9.633484866,50.0245147,354.1739197,36.60363645,17.37454543,19.22909111,30.00166655,23.9707575,18,17,41.80708318,11.55791682
DJI,189,472,1178.272109,1178.272109,895.5123006,895.5123006,895.5123006,0,0.804012346,0,0,0,0,0.063271605,0,0,0.079475309,0.034722222,0,0,0,0,0.018518519,0,0,0,0,0,29.65986694,34.03171315,25.3480324,141.3194444,39.78472222,2.569444444,91.98221249,87.06944444,13.52083333,72.05555556,16.08333333,8.879340178,47.80741101,359.4103817,39.6013889,21.03125019,18.57013872,33.38831013,27.20902783,18,17,41.90708318,11.55791682
DJI,190,404,2028.953836,2028.953836,1039.648853,1039.648853,1039.648853,0,0.8125,0,0,0.074074074,0,0.067901235,0.00154321,0,0.022376543,0.007716049,0,0.002314815,0,0,0.011574074,0,0,0,0,0,30.16374421,34.57256971,25.84270826,132.6805556,37.60416667,2.270833333,92.99879583,83.09027778,13.89583333,69.32638889,16.11111111,9.033738315,47.99885612,361.0246641,40.26597246,21.44583355,18.8201389,33.91307905,27.70069459,18,17,42.00708318,11.55791682
DJI,191,472,2387.068483,2387.068483,1352.83595,1352.83595,1352.83595,0,1,0,0,0,0,0,0,0,0,0,0,0,0,0,0,0,0,0,0,0,28.41432296,32.87060185,23.96307879,170.5347222,42.22916667,3.770833333,79.80151023,95.94444444,21.15277778,76.99305556,25.34722222,9.014062471,47.35121706,370.9982217,38.49861103,19.46319448,19.03541655,32.21342609,25.87951387,18,17,42.10708318,11.55791682
DJI,192,427,871.0469522,871.0469522,914.3607451,914.3607451,914.3607451,0,1,0,0,0,0,0,0,0,0,0,0,0,0,0,0,0,0,0,0,0,29.11171872,33.67106487,24.60104162,153.2986111,37.21527778,2.986111111,74.35043136,82.96527778,21.07638889,66.44444444,23.97916667,8.813020812,46.62090519,376.596088,39.1895833,20.28819442,18.90138888,33.03437487,28.67442116,18,17,42.20708318,11.55791682
DJI,193,381,1520.182797,1520.182797,1032.970358,1032.970358,1032.970358,0,0.986111111,0,0,0.013888889,0,0,0,0,0,0,0,0,0,0,0,0,0,0,0,0,29.64001736,34.27499991,25.16631952,136.7638889,31.44444444,2.4375,65.40364223,67.94444444,20.1875,54.65972222,23.95833333,8.572280082,45.77742494,377.2854493,39.6312499,20.91319446,18.71805545,33.64907417,31.97499993,18,17,42.30708318,11.55791682
DJI,194,442,1664.598647,1664.598647,811.6510677,811.6510677,811.6510677,0,0.985339506,0,0.014660494,0,0,0,0,0,0,0,0,0,0,0,0,0,0,0,0,0,29.75908563,34.50902783,25.27303237,130.875,27.68055556,2.138888889,55.66359642,57.57638889,20.49305556,46.10416667,25.23611111,8.16597215,44.45560066,380.9668378,39.5645833,21.20277782,18.36180548,33.9200231,31.97395835,18,17,42.40708318,11.55791682
DJI,195,503,3393.839367,3393.839367,728.1028786,728.1028786,728.1028786,0,0.779288703,0,0.212343096,0,0,0,0,0,0.008368201,0,0,0,0,0,0,0,0,0,0,0,29.78494751,34.59609618,25.30015011,131.3873874,25.21621622,1.900900901,48.62644904,50.76576577,20.74774775,40.13513514,27.54054054,8.172447411,44.22090606,382.2629208,39.74054062,21.26216222,18.4783784,34.0357356,32.7518015,18,17,42.50708318,11.55791682
DJI,197,-5,560.4677413,560.4677413,659.4360582,659.4360582,659.4360582,0,0.910533911,0,0.024531025,0,0,0,0,0,0.064935065,0,0,0,0,0,0,0,0,0,0,0,29.19501099,34.15570184,24.70328956,161.5789474,23.40789474,1.618421053,42.60572082,51.22368421,18,31,41.73684211,7.231030696,40.49407552,387.0537523,38.90131569,21.05394745,17.84736824,26.22653522,33.21820169,18,17,42.70708318,11.55791682
DJI,198,-5,4516.739473,4516.739473,768.7102056,768.7102056,768.7102056,0,0.919587629,0,0.010309278,0,0.006185567,0,0,0,0.063917526,0,0,0,0,0,0,0,0,0,0,0,28.55388077,33.71421562,23.92908483,185.372549,28.74509804,1.735294118,46.97221109,63.55882353,18.10784314,28.71568627,52.00980392,7.510375818,40.64287133,400.9361734,38.6588235,20.20196069,18.4568628,24.80065363,32.73251616,18,17,42.80708318,11.55791682
DJI,199,183,4711.927146,4711.927146,840.9761456,840.9761456,840.9761456,0,0.687216682,0,0.006346328,0,0.078875793,0.002719855,0,0,0.224841342,0,0,0,0,0,0,0,0,0,0,0,28.7179487,33.97991445,24.07706554,178.8547009,27.98290598,1.418803419,48.87105182,63.44444444,16.12820513,23.35897436,53.18803419,7.651282029,40.87085685,405.1607971,39.05726496,20.3495727,18.70769227,25.12207982,32.89387471,18,17,42.90708318,11.55791682
DJI,200,68.5,43826.0568,43826.0568,299.9392247,299.9392247,299.9392247,0,0.951957295,0,0.008896797,0,0,0,0,0,0.038256228,0,0,0,0,0.00088968,0,0,0,0,0,0,29.47243042,34.83305562,24.89819434,159.5916667,22.20833333,0.991666667,47.77340183,58.55,14.16666667,17.69166667,48.375,7.49583325,40.03972864,405.7268084,40.04250008,21.32916662,18.71333346,26.81680544,33.56375004,18,17,43.00708318,11.55791682
DJI,201,-11,463994.0676,463994.0676,249.9293548,249.9293548,249.9293548,2.809686899,0.700736648,0,0.005524862,0.010128913,0,0.035911602,0,0,0.003683241,0,0,0,0.027624309,0.216390424,0,0,0,0,0,0,29.81511304,35.18064945,25.37697737,142.8644068,21.45762712,0.203389831,51.79602174,57.41525424,11.98305085,12.38983051,43.3559322,7.326977407,39.34212384,400.2909735,40.47457627,21.86271191,18.61186436,27.16031062,34.26694931,18,17,43.10708318,11.55791682
DJI,205,563.5,980.4088411,980.4088411,981.9868216,981.9868216,981.9868216,0,0.261648746,0,0,0,0,0.701612903,0,0,0.01702509,0.017921147,0,0,0,0,0.001792115,0,0,0,0,0,26.61986105,30.8170833,22.32305552,225.25,57.20833333,4.216666667,80.69305356,125.85,21.55,101.1166667,26.04166667,9.580694477,49.66786095,355.2313128,36.80916672,17.52250008,19.28666663,30.15152761,24.15319451,18,17,41.80708318,11.45791682
DJI,206,441.5,1049.144074,1049.144074,958.4223034,958.4223034,958.4223034,0,0.896604938,0,0,0,0,0.093364198,0,0,0,0.010030864,0,0,0,0,0,0,0,0,0,0,27.16536454,31.4070602,22.81319434,216.4027778,54.18055556,4.722222222,81.46381256,121.2916667,21.47916667,97.25694444,26.81944444,9.572280063,49.18670713,360.4724291,37.5180556,18.06597229,19.45208332,30.73113435,24.65798619,18,17,41.90708318,11.45791682
DJI,207,348.75,1516.251607,1516.251607,935.4589205,935.4589205,935.4589205,0.388074338,0.769290123,0,0,0.185185185,0,0.035493827,0.005401235,0,0.003858025,0.000771605,0,0,0,0,0,0,0,0,0,0,30.0216145,34.298264,25.67002304,140.3402778,39.75,2.354166667,94.893523,88.84027778,13.04166667,73.56944444,16.1875,9.315567109,48.68224581,359.8840256,40.25833321,21.12499988,19.13333333,33.65277786,27.53078691,18,17,42.00708318,11.45791682
DJI,208,434.5,3753.352635,3753.352635,815.2885705,815.2885705,815.2885705,0,0.884259259,0,0,0.005401235,0,0.103395062,0.00308642,0,0,0.00154321,0,0,0,0,0,0,0.002314815,0,0,0,29.94701967,34.28993054,25.53344913,141.2083333,39.36805556,2.569444444,92.35212554,88.11111111,14.31944444,72.5625,17.56944444,9.379918933,48.58322408,365.6845281,40.20972225,20.90486112,19.30486113,33.64953725,27.41562488,18,17,42.10708318,11.45791682
DJI,209,473,1037.980837,1037.980837,1142.19963,1142.19963,1142.19963,0,1,0,0,0,0,0,0,0,0,0,0,0,0,0,0,0,0,0,0,0,28.92358216,33.3687501,24.4260416,155.2708333,38.53472222,3.027777778,77.19738054,86.54861111,19,69.03472222,22.90972222,8.958043999,46.8165999,373.9798486,39.05555553,19.92222226,19.13333327,32.70717598,26.40173617,18,17,42.20708318,11.45791682
DJI,210,510.5,1068.407047,1068.407047,1012.549135,1012.549135,1012.549135,0,0.961419753,0,0,0.011574074,0.023919753,0.00308642,0,0,0,0,0,0,0,0,0,0,0,0,0,0,30.33098948,34.86874972,25.89618062,127.3611111,30.34722222,2.083333333,67.99185461,64.86805556,19,52.625,20.56944444,8.969965167,47.02818669,372.6554784,40.4868056,21.41597215,19.07083344,34.23368075,30.94062491,18,17,42.30708318,11.45791682
DJI,211,602,587.6370263,587.6370263,795.6779374,795.6779374,795.6779374,0,0.989197531,0,0,0,0,0,0,0,0.010802469,0,0,0,0,0,0,0,0,0,0,0,28.95535306,33.64525457,24.38796291,146.2986111,30.73611111,2.506944444,57.95475901,66.01388889,24.08333333,51.84027778,27.54166667,8.47320605,44.97631515,384.5937629,38.90972222,20.07083325,18.83888898,32.99861095,30.74976851,18,17,42.40708318,11.45791682
DJI,212,666.5,1287.18467,1287.18467,806.1883121,806.1883121,806.1883121,0,0.99844841,0,0,0,0,0.00155159,0,0,0,0,0,0,0,0,0,0,0,0,0,0,27.39329838,32.20757576,22.72797208,185.4965035,31.94405594,3.251748252,47.27441457,70.74125874,29.88811189,53.06993007,41.76923077,8.779487206,45.07517104,394.0950027,37.74755243,18.27692304,19.47062939,31.5484849,31.36048941,18,17,42.50708318,11.45791682
DJI,213,312,1066.346438,1066.346438,796.5453112,796.5453112,796.5453112,0,0.951403888,0,0.044276458,0,0,0,0,0,0.004319654,0,0,0,0,0,0,0,0,0,0,0,27.73910896,32.64488439,23.04801982,188.1188119,27.96039604,2.504950495,43.64208939,60.4950495,25.82178218,44.55445545,46.07920792,8.371122157,43.83159588,396.7937338,37.92574261,18.8554456,19.07029701,31.58861387,32.00561032,18,17,42.60708318,11.45791682
DJI,214,274,1650.160351,1650.160351,695.2670085,695.2670085,695.2670085,0,0.99081803,0,0.007512521,0.001669449,0,0,0,0,0,0,0,0,0,0,0,0,0,0,0,0,27.48218826,32.47582682,22.74974552,190.2900763,27.13740458,2.015267176,45.11215303,59.83206107,22.64122137,37.67175573,50.05343511,8.511323095,44.24392991,400.9233333,37.69389326,18.48854952,19.20534374,24.52430031,31.76297708,18,17,42.70708318,11.45791682
DJI,215,465,4426.542377,4426.542377,812.5961186,812.5961186,812.5961186,0,1,0,0,0,0,0,0,0,0,0,0,0,0,0,0,0,0,0,0,0,27.34444445,32.39965285,22.59004627,198.0972222,30.97916667,2,49.51123018,67.73611111,20.53472222,32.52777778,56.27777778,8.825926012,45.34700267,403.9617755,37.64930548,18.19097218,19.45833329,23.58472231,31.63750002,18,17,42.80708318,11.45791682
DJI,216,319.5,3153.606906,3153.606906,832.7275181,832.7275181,832.7275181,0,0.692901235,0,0,0,0.010802469,0.018518519,0,0,0.277777778,0,0,0,0,0,0,0,0,0,0,0,27.49053821,32.6435185,22.7496527,200.0486111,31.46527778,1.965277778,50.36178976,69.92361111,19.64583333,28.90972222,58.49305556,8.441030092,44.04968582,406.3361766,37.7374999,18.58055557,19.15694433,24.347338,31.76909708,18,17,42.90708318,11.45791682
DJI,217,157.75,6101.191881,6101.191881,3086.879019,3086.879019,3086.879019,0,0.839506173,0,0,0,0.003858025,0.00154321,0,0,0.155092593,0,0,0,0,0,0,0,0,0,0,0,28.68967017,34.02442119,24.00162044,173.5763889,25.49305556,1.208333333,49.91294405,64.20138889,15.63194444,21.0625,52.01388889,7.909895808,41.60978993,409.7486975,39.21111123,20.20347214,19.00763909,26.08252317,32.90115749,18,17,43.00708318,11.45791682
DJI,218,106.5,6024.134907,6024.134907,3191.26605,3191.26605,3191.26605,0,0.969135802,0,0,0,0,0,0,0,0.030864198,0,0,0,0,0,0,0,0,0,0,0,29.42511569,34.88136575,24.79456022,153.4652778,22.06944444,0.777777778,50.29924568,60.86805556,13.70833333,15.35416667,47.50694444,7.717129605,40.4280204,411.8927343,40.27152782,21.18333336,19.08819446,26.76180555,33.64884279,18,17,43.10708318,11.45791682
DJI,219,-3,7269.374465,7269.374465,629.416557,629.416557,629.416557,0,0.871124031,0,0,0.010658915,0,0.118217054,0,0,0,0,0,0,0,0,0,0,0,0,0,0,29.82871147,35.24971964,25.31302519,132.2857143,20.85714286,0.117647059,52.9758035,55.56302521,11.21848739,11.29411765,40.80672269,7.617507085,40.02869697,405.7861054,40.75714313,21.72773098,19.02941215,27.17030806,34.83711483,18,17,43.20708318,11.45791682
DJI,222,518,896.7096539,896.7096539,1051.839094,1051.839094,1051.839094,0,0.647787611,0,0,0.016814159,0,0.313274336,0,0,0.008849558,0.009734513,0,0,0,0,0.003539823,0,0,0,0,0,27.84562505,32.04222218,23.52597226,189.8,51.53333333,2.725,88.06794662,112.1833333,15.13333333,90.98333333,19.05,9.405972171,49.0798494,356.7755768,38.0249999,18.86166671,19.16333319,31.36361124,25.3595833,18,17,41.80708318,11.35791682
DJI,223,487,967.5763555,967.5763555,1021.065222,1021.065222,1021.065222,0,0.823302469,0,0,0.002314815,0,0.153549383,0,0,0.00462963,0.010030864,0,0,0,0,0.00617284,0,0,0,0,0,27.81895252,31.9958334,23.45787038,189.75,50.42361111,3.243055556,86.47002602,111.5138889,16.09722222,89.90972222,20.45833333,9.504571729,48.93021017,359.4510534,38.14652785,18.72222239,19.42430545,31.30370373,25.31215288,18,17,41.90708318,11.35791682
DJI,224,457,915.6831274,915.6831274,966.8369754,966.8369754,966.8369754,0.110854447,0.958333333,0,0,0.00154321,0,0.029320988,0,0,0.005401235,0.005401235,0,0,0,0,0,0,0,0,0,0,28.40190964,32.59074051,23.98981484,174.3541667,46.30555556,3.340277778,87.30592288,103.7152778,15.04861111,83.83333333,19.84027778,9.296990686,48.15491621,362.8930759,38.64236114,19.33611115,19.30624999,31.90601842,25.85914346,18,17,42.00708318,11.35791682
DJI,225,457,2032.106699,2032.106699,864.1163438,864.1163438,864.1163438,0,0.949845679,0,0,0.035493827,0,0.014660494,0,0,0,0,0,0,0,0,0,0,0,0,0,0,29.97057292,34.20671325,25.54768515,143.7430556,39.43055556,2.569444444,90.42215612,88.29861111,13.36111111,72.36111111,17.15277778,9.547627257,48.98145281,364.2406269,40.32222215,20.83125003,19.49097212,33.56053236,27.41400468,18,17,42.10708318,11.35791682
DJI,226,473,2198.962954,2198.962954,808.7770901,808.7770901,808.7770901,0,0.99691358,0,0,0.00308642,0,0,0,0,0,0,0,0,0,0,0,0,0,0,0,0,29.58188656,33.8924769,25.11307863,145.0694444,37.56944444,2.972222222,81.94675721,83.8125,15.41666667,67.90972222,19.22916667,9.120601886,47.39571918,369.2005238,39.7611111,20.51944433,19.24166677,33.21759256,26.99282408,18,17,42.20708318,11.35791682
DJI,227,488,2134.829689,2134.829689,1123.733103,1123.733103,1123.733103,0,1,0,0,0,0,0,0,0,0,0,0,0,0,0,0,0,0,0,0,0,29.75532395,34.16377314,25.25740744,138.2013889,33.27777778,2.458333333,71.68157975,72.88194444,17.58333333,58.18055556,20.80555556,8.777893464,46.32225892,372.8580757,39.75069443,20.80138878,18.94930565,33.48877324,27.13969905,18,17,42.30708318,11.35791682
DJI,228,534,1090.773076,1090.773076,1206.033797,1206.033797,1206.033797,0,0.99537037,0,0,0,0,0,0,0,0.00462963,0,0,0,0,0,0,0,0,0,0,0,28.76467013,33.32581007,24.15196755,151.1944444,32.54861111,2.826388889,61.28238826,70.96527778,22.56944444,55.18055556,26.14583333,8.757928212,45.5111577,383.5397803,38.89652769,19.65347221,19.24305548,32.63009265,26.12604164,18,17,42.40708318,11.35791682
DJI,229,609.5,569.9430926,569.9430926,993.720397,993.720397,993.720397,0,0.99691358,0,0,0.00154321,0,0,0,0,0.00154321,0,0,0,0,0,0,0,0,0,0,0,26.5820313,31.2876157,21.8596065,200.4027778,36.39583333,3.944444444,51.04393405,82.90972222,33.11805556,61,41.5625,9.341493083,46.42553555,393.7042671,37.16111117,17.04097224,20.12013892,30.57638893,27.07592593,18,17,42.50708318,11.35791682
DJI,230,701,666.4429944,666.4429944,766.0364205,766.0364205,766.0364205,0,0.99537037,0,0,0,0.00308642,0.00154321,0,0,0,0,0,0,0,0,0,0,0,0,0,0,26.96070604,31.74259252,22.20567127,191.5694444,30.74305556,3.111111111,45.5511428,68.44444444,29.07638889,49.97916667,43.72222222,9.334722241,46.48010596,396.5019879,37.55694445,17.4743055,20.08263895,31.0533564,31.28472217,18,17,42.60708318,11.35791682
DJI,231,594,1615.497877,1615.497877,947.7754925,947.7754925,947.7754925,0,0.972993827,0,0,0.025462963,0,0,0,0,0.00154321,0,0,0,0,0,0,0,0,0,0,0,27.1541956,32.00243052,22.39513875,188.0138889,26.88194444,2.409722222,44.48632667,59.25694444,25.29166667,42.0625,45.61111111,9.505729165,47.08821967,397.7744645,37.82291661,17.63680542,20.1861112,28.34872679,31.47152768,18,17,42.70708318,11.35791682
DJI,232,488,2082.013521,2082.013521,4634.013373,4634.013373,4634.013373,0,0.979938272,0,0,0.017746914,0,0,0,0,0.002314815,0,0,0,0,0,0,0,0,0,0,0,26.55815967,31.46608787,21.78877306,207.25,27.55555556,2.347222222,43.78430902,65.69444444,26.36805556,41.46527778,53.40277778,9.391087923,46.88494627,399.9667305,37.08888878,17.06041663,20.02847215,24.87430551,30.8631944,18,17,42.80708318,11.35791682
DJI,233,366,12096.35875,12096.35875,4456.345748,4456.345748,4456.345748,0,0.861882716,0,0,0,0.010802469,0.00154321,0.037037037,0,0.087191358,0,0,0.00154321,0,0,0,0,0,0,0,0,27.18871529,32.24849525,22.43206015,199.1875,28.02777778,2.034722222,46.60887663,67.61111111,22.00694444,33.09722222,54.86805556,8.794791665,45.2700612,403.7999795,37.47638893,18.05208339,19.42430554,24.71701392,31.48472219,18,17,42.90708318,11.35791682
DJI,234,221,12878.94801,12878.94801,2942.324896,2942.324896,2942.324896,0,0.832561728,0,0,0.00308642,0,0.000771605,0.12345679,0,0.040123457,0,0,0,0,0,0,0,0,0,0,0,28.60532408,33.84803242,23.88842591,173.1388889,25.33333333,1.527777778,47.92642766,63.99305556,17.13194444,23.36111111,49.3125,8.483448995,43.85185671,407.4467316,39.12500003,19.78055554,19.34444449,26.07094904,32.84351836,18,17,43.00708318,11.35791682
DJI,235,152,6075.878395,6075.878395,2736.658835,2736.658835,2736.658835,0.624322712,0.976851852,0,0,0,0,0,0.012345679,0,0.010802469,0,0,0,0,0,0,0,0,0,0,0,29.11510412,34.49166674,24.42800922,159.7222222,23.34027778,1,48.63127658,62.55555556,15.20138889,18.54166667,47.10416667,8.1856481,42.3366025,410.9147021,39.86597204,20.53263896,19.33333308,26.52037032,33.31828719,18,17,43.10708318,11.35791682
DJI,239,518,711.8069684,711.8069684,0,0,0,0,0.480251346,0,0.427289048,0,0,0.090664273,0,0,0.001795332,0,0,0,0,0,0,0,0,0,0,0,28.86350694,32.98416656,24.63847219,156.75,44.325,2,93.21146456,95.425,10.425,79.25,14.83333333,7.951180593,45.15495923,347.8701413,38.13000011,20.62916675,17.50083337,32.33430572,26.47194444,18,17,41.80708318,11.25791682
DJI,240,503,968.6027813,968.6027813,1040.171361,1040.171361,1040.171361,0,0.926697531,0,0,0,0,0.073302469,0,0,0,0,0,0,0,0,0,0,0,0,0,0,28.46603008,32.56840279,24.14618064,175.2361111,48.04166667,2.472222222,90.58129337,105.25,12.68055556,86.15972222,17.42361111,9.008564767,47.82084078,354.8533476,38.44861123,19.62291676,18.82569447,31.87303256,25.97442125,18,17,41.90708318,11.25791682
DJI,241,488,869.400332,869.400332,1062.564048,1062.564048,1062.564048,0,0.929783951,0,0,0,0,0.05941358,0,0,0.007716049,0.00308642,0,0,0,0,0,0,0,0,0,0,28.51027211,32.60729146,24.12974543,174.3819444,46.72222222,3,88.38557498,103.875,13.22916667,83.02083333,18.33333333,9.339641134,48.26209852,359.2839322,38.78541666,19.43402784,19.35138881,31.88692106,25.96712963,18,17,42.00708318,11.25791682
DJI,242,488,1006.774439,1006.774439,1036.692361,1036.692361,1036.692361,0,0.971450617,0,0,0.011574074,0,0.015432099,0.00154321,0,0,0,0,0,0,0,0,0,0,0,0,0,28.95572934,33.08518529,24.52164363,164.0138889,43.45138889,3,87.07957358,97.3125,13.09027778,69.34027778,18.06944444,9.403009229,48.10457699,363.7572765,39.33958332,19.79375015,19.54583316,32.36284718,26.36678243,18,17,42.10708318,11.25791682
DJI,243,549,1761.115546,1761.115546,918.0693102,918.0693102,918.0693102,0,0.932098765,0,0,0.067901235,0,0,0,0,0,0,0,0,0,0,0,0,0,0,0,0,29.49985537,33.72407434,25.02222227,148.9444444,38.5,3,82.89345116,85.91666667,13.54166667,68.375,17.77083333,9.211516334,47.36895214,368.0728268,39.8125004,20.36666675,19.44583364,33.01226865,26.87569442,18,17,42.20708318,11.25791682
DJI,244,610,2214.532836,2214.532836,1218.122372,1218.122372,1218.122372,0,0.974537037,0,0,0,0.010030864,0,0,0,0.015432099,0,0,0,0,0,0,0,0,0,0,0,29.25407982,33.57962961,24.70532408,147.5138889,35.85416667,3.006944444,74.94365067,79.57638889,15.52083333,62.60416667,19.88888889,9.027256972,46.44719238,374.8007596,39.53055559,20.09583342,19.43472217,32.85069444,26.58599545,18,17,42.30708318,11.25791682
DJI,245,648,1097.673642,1097.673642,1169.384284,1169.384284,1169.384284,0,0.986882716,0,0,0.003858025,0.009259259,0,0,0,0,0,0,0,0,0,0,0,0,0,0,0,28.31831594,32.78310177,23.66655086,158.875,35.4375,3.243055556,66.41833038,78.75694444,19.47916667,60.03472222,24.33333333,9.22019675,46.28978774,384.1034073,38.85208334,18.93749999,19.91458335,32.03553238,25.60844919,18,17,42.40708318,11.25791682
DJI,246,716.5,1056.518045,1056.518045,940.141477,940.141477,940.141477,0,0.953703704,0,0,0.029320988,0,0,0.016975309,0,0,0,0,0,0,0,0,0,0,0,0,0,27.7838541,32.35520822,23.08483798,166.3958333,33.36111111,3.090277778,57.66825912,74.50694444,24.13888889,55.34722222,29.08333333,9.531018535,46.78614749,388.6276063,38.56875012,18.20138872,20.3673614,31.61342588,25.17037034,18,17,42.50708318,11.25791682
DJI,247,808,6027.61467,6027.61467,4295.913998,4295.913998,4295.913998,0,0.558641975,0,0,0.084876543,0,0.003858025,0.352623457,0,0,0,0,0,0,0,0,0,0,0,0,0,27.71834487,32.37500021,23.02222221,164.7916667,29.43055556,3,50.01746628,65.05555556,26.43055556,48.17361111,31.97916667,9.326851832,46.24399781,389.2504459,38.44097262,18.27291629,20.16805633,31.63310166,28.95868055,18,17,42.60708318,11.25791682
DJI,248,663,4075.017946,4075.017946,5918.91557,5918.91557,5918.91557,0,0.888888889,0,0,0.040123457,0,0.000771605,0.064814815,0,0.005401235,0,0,0,0,0,0,0,0,0,0,0,27.15934602,31.92731469,22.411227,180.25,28.90972222,3.201388889,45.68452223,63.91666667,27.54166667,46.77083333,38.65972222,9.424363434,46.62532642,394.3266311,37.83472241,17.6222224,20.21250002,31.21932851,31.07500006,18,17,42.70708318,11.25791682
DJI,249,519,5443.850403,5443.850403,4460.266635,4460.266635,4460.266635,0,0.948302469,0,0,0.040895062,0,0,0.006944444,0,0.003858025,0,0,0,0,0,0,0,0,0,0,0,26.88961225,31.77199078,22.11932871,191.5902778,27.22222222,3.027777778,43.20757373,61.66666667,26.79166667,43.27777778,45.01388889,9.256423606,46.3924519,398.6462534,37.40208324,17.45069446,19.95138878,27.41608796,31.19236108,18,17,42.80708318,11.25791682
DJI,250,397,8601.116522,8601.116522,4401.310638,4401.310638,4401.310638,0,0.860339506,0,0,0,0,0.00617284,0.112654321,0,0.020833333,0,0,0,0,0,0,0,0,0,0,0,27.63917828,32.64849544,22.88692131,183.4652778,26.07638889,2.375,44.16577996,62.38888889,22.42361111,34.15277778,46.58333333,9.041319456,46.00332361,401.5731625,38.03888893,18.38611107,19.65277786,25.22037037,31.9273149,18,17,42.90708318,11.25791682
DJI,251,248,4424.022857,4424.022857,3399.346433,3399.346433,3399.346433,0,0.675154321,0,0,0,0,0,0.321759259,0,0.00308642,0,0,0,0,0,0,0,0,0,0,0,28.54618055,33.71296324,23.80960649,169.0625,25.38888889,1.965277778,44.90733541,62.13888889,19.33333333,26.45138889,44.86805556,8.852083299,45.23771188,405.7063794,39.05277785,19.48472223,19.56805562,26.07187487,32.80682868,18,17,43.00708318,11.25791682
DJI,256,518,59.29970571,59.29970571,0,0,0,0,0.292307692,0,0.651282051,0.007692308,0,0.001709402,0,0.031623932,0,0,0.003418803,0,0,0,0,0,0,0.001709402,0.01025641,0,28.99356671,33.0487999,24.85626674,146.368,40.96,2,92.10750165,87.464,9.032,73.488,14.408,6.614466614,41.03511292,339.6183188,37.3887999,21.41040022,15.97839967,32.43053323,26.67146667,18,17,41.80708318,11.15791682
DJI,257,518,1796.250593,1796.250593,671.7311029,671.7311029,671.7311029,0,0.878858025,0,0.111882716,0.000771605,0,0,0,0,0,0,0.00308642,0,0,0,0,0,0,0,0.000771605,0.00462963,29.12879056,33.18182866,24.8747685,165.4444444,45.27777778,2.076388889,91.55000199,98.95138889,10.54861111,81.54166667,15.74305556,8.842534721,47.7906634,348.8704878,38.85555567,20.38402776,18.47152791,32.5041666,26.65833333,18,17,41.90708318,11.15791682
DJI,258,518,1024.769831,1024.769831,987.9808893,987.9808893,987.9808893,0,0.969135802,0,0,0.006944444,0,0.023919753,0,0,0,0,0,0,0,0,0,0,0,0,0,0,28.18587972,32.20798602,23.84398144,193.1458333,50.5625,2.680555556,87.03156127,112.625,13.63888889,67.77083333,19.38888889,9.576504575,49.12911571,355.3012943,38.44027766,18.94791661,19.49236104,31.46689823,25.64363417,18,17,42.00708318,11.15791682
DJI,259,518,1077.45196,1077.45196,1198.208128,1198.208128,1198.208128,0,0.983796296,0,0,0.005401235,0.00154321,0.006944444,0,0,0.002314815,0,0,0,0,0,0,0,0,0,0,0,28.72181714,32.78321754,24.33634261,175.5972222,45.58333333,2.75,86.14547846,102.2222222,12.61805556,46.81944444,18.02083333,9.627893461,48.95069183,358.7217337,39.05208325,19.38402779,19.66805547,31.99201377,26.14328701,18,17,42.10708318,11.15791682
DJI,260,625,1325.194593,1325.194593,1153.988196,1153.988196,1153.988196,0,0.960648148,0,0,0.038580247,0,0.000771605,0,0,0,0,0,0,0,0,0,0,0,0,0,0,29.24626745,33.34652805,24.8199074,159.3055556,40.6875,2.722222222,83.6981403,91.20833333,12.49305556,42.72222222,17.23611111,9.573669036,48.49613383,362.1792935,39.60625007,19.8652777,19.74097237,32.54826389,26.63506965,18,17,42.20708318,11.15791682
DJI,261,731,5466.267113,5466.267113,870.1691397,870.1691397,870.1691397,0,0.955246914,0,0,0.040895062,0.00154321,0.002314815,0,0,0,0,0,0,0,0,0,0,0,0,0,0,29.24924776,33.43333303,24.7459491,152.1875,37.65972222,2.923611111,78.97144561,83.89583333,13.40972222,48.29166667,17.57638889,9.616666728,48.15126403,369.2490537,39.7333334,19.76319446,19.97013895,32.65358788,26.58483791,18,17,42.30708318,11.15791682
DJI,262,762,5729.217678,5729.217678,1927.186901,1927.186901,1927.186901,0,0.989969136,0,0,0.008487654,0,0.00154321,0,0,0,0,0,0,0,0,0,0,0,0,0,0,28.00920143,32.29837969,23.41030085,171.0416667,39.25694444,3.715277778,71.20624717,88.6875,17.61805556,61.125,22.76388889,9.881249931,48.18150669,377.0748153,38.77638888,18.26875012,20.50763876,31.52210663,25.32141213,18,17,42.40708318,11.15791682
DJI,263,822.5,4601.902528,4601.902528,1020.266856,1020.266856,1020.266856,0,0.952932099,0,0,0.047067901,0,0,0,0,0,0,0,0,0,0,0,0,0,0,0,0,27.74334485,32.15081008,23.08946763,172.3888889,36.90972222,4.041666667,64.30028645,83.44444444,20.44444444,62.34722222,25.34027778,9.945486029,48.09959141,381.7251133,38.59097221,17.915278,20.67569421,31.39861116,25.046412,18,17,42.50708318,11.15791682
DJI,264,914,6190.771874,6190.771874,3344.605434,3344.605434,3344.605434,0,0.956018519,0,0,0.031635802,0,0.00308642,0,0,0.009259259,0,0,0,0,0,0,0,0,0,0,0,26.81064814,31.36944448,22.10439818,189.7708333,37.44444444,4.736111111,57.33260266,85.65972222,25.47916667,63.32638889,31.38888889,9.69120366,47.29501133,386.6381813,37.5145834,17.02638902,20.48819441,30.63229161,24.1197916,18,17,42.60708318,11.15791682
DJI,265,731,30545.81974,30545.81974,6001.160387,6001.160387,6001.160387,0.324336201,0.87808642,0,0,0.086419753,0,0.013117284,0.002314815,0,0.020061728,0,0,0,0,0,0,0,0,0,0,0,26.42517356,31.115625,21.67048608,195.5694444,35.40277778,4.694444444,51.30185509,81.26388889,29.4375,59.40972222,35.56944444,9.610185232,46.90426095,392.1504603,37.16597231,16.67847223,20.48750008,30.3997685,24.26041669,18,17,42.70708318,11.15791682
DJI,266,549,10186.65085,10186.65085,4036.930624,4036.930624,4036.930624,0,0.827932099,0,0,0.064814815,0,0.042438272,0.010802469,0,0.052469136,0,0,0.00154321,0,0,0,0,0,0,0,0,26.94016209,31.76400464,22.1775463,188.0069444,29.72222222,3.722222222,44.91383908,66.375,29.375,48.70138889,39.15277778,9.331597202,46.21553495,396.2310232,37.58750004,17.3979167,20.18958334,30.97152775,29.87581017,18,17,42.80708318,11.15791682
DJI,267,427,11538.21148,11538.21148,3848.55286,3848.55286,3848.55286,0,0.807098765,0,0,0.027777778,0,0.00154321,0.146604938,0,0.016975309,0,0,0,0,0,0,0,0,0,0,0,27.55480328,32.52962977,22.78854167,181.3194444,26.29861111,3.090277778,42.7491271,60.21527778,25.72916667,39.75,41.52083333,9.141898122,45.93600501,400.7572598,38.11527771,18.21527772,19.89999999,25.95671292,31.85532394,18,17,42.90708318,11.15791682
DJI,268,274.5,2177.468164,2177.468164,3405.718639,3405.718639,3405.718639,0,0.773615635,0,0,0,0,0,0.210912052,0,0.015472313,0,0,0,0,0,0,0,0,0,0,0,28.43039573,33.55587538,23.66978412,166.8776978,25.43884892,2.18705036,43.09815131,60.33093525,21.39568345,30.50359712,40.77697842,8.983573077,45.64644691,405.2565725,38.94820149,19.26834533,19.67985616,25.99412469,32.71654683,18,17,43.00708318,11.15791682
DJI,273,549,989.2952064,989.2952064,706.8221959,706.8221959,706.8221959,0,0.811023622,0,0.185826772,0.000787402,0.001574803,0,0,0.000787402,0,0,0,0,0,0,0,0,0,0,0,0,29.80772055,33.88713242,25.57144624,167.9191176,45.625,2,90.78735974,98.14705882,10.10294118,80.91911765,15.44852941,9.816053902,50.60605633,348.5909772,40.11764731,20.7308826,19.38676471,33.24252446,27.2999999,18,17,41.80708318,11.05791682
DJI,274,557,1572.416668,1572.416668,379.0010091,379.0010091,379.0010091,0,0.952932099,0,0,0.003858025,0,0.003858025,0,0,0,0,0.038580247,0,0,0,0,0,0,0,0.000771605,0,29.73530086,33.7624997,25.47534735,171.7986111,46.15972222,2,90.98940282,100.9236111,10.27777778,82.36111111,15.47916667,10.05162021,51.07688536,349.3263257,40.18055582,20.50347245,19.67708337,33.08749979,27.2094905,18,17,41.90708318,11.05791682
DJI,275,564,1715.639629,1715.639629,799.9196765,799.9196765,799.9196765,0,0.993055556,0,0,0.00462963,0,0.002314815,0,0,0,0,0,0,0,0,0,0,0,0,0,0,29.30969319,33.26909714,25.03541666,177.9722222,46.73611111,2,89.47291713,103.6041667,10.91666667,63.73611111,16.25,10.02656264,50.69829893,349.5103925,39.70694457,19.93194449,19.77500008,32.54062503,26.77962944,18,17,42.00708318,11.05791682
DJI,276,564,5444.578288,5444.578288,863.8755588,863.8755588,863.8755588,0.554412127,0.908950617,0,0,0.063271605,0,0.027777778,0,0,0,0,0,0,0,0,0,0,0,0,0,0,29.47994785,33.4568291,25.18113432,168.7083333,43.45138889,2,87.72040304,97.0625,10.51388889,45.84722222,15.95138889,9.966261513,50.27683157,351.0151797,39.86805574,20.04583351,19.82222223,32.67650474,26.93344922,18,17,42.10708318,11.05791682
DJI,277,641,4247.176606,4247.176606,639.3908502,639.3908502,639.3908502,0.110880204,0.694444444,0,0,0.273919753,0,0.031635802,0,0,0,0,0,0,0,0,0,0,0,0,0,0,29.39227433,33.43587984,25.02905095,163.125,41.40277778,2,85.07733202,92.79861111,10.95138889,40.40277778,15.70833333,9.853298552,49.52773229,356.0562291,39.7958334,19.9013887,19.8944447,32.57719922,26.7913193,18,17,42.20708318,11.05791682
DJI,278,716,3737.696838,3737.696838,748.4473352,748.4473352,748.4473352,0,0.871141975,0,0,0.128858025,0,0,0,0,0,0,0,0,0,0,0,0,0,0,0,0,29.28535873,33.41273141,24.84293989,158.5763889,39.52083333,2,82.49642107,88.85416667,11.5,37.6875,15.36111111,9.976504637,49.29566926,362.3981512,39.88055579,19.64236114,20.23819465,32.49155127,26.62581015,18,17,42.30708318,11.05791682
DJI,279,747,5024.189672,5024.189672,1086.607286,1086.607286,1086.607286,0,0.98538961,0,0,0.001623377,0,0,0,0,0.012987013,0,0,0,0,0,0,0,0,0,0,0,28.34514886,32.53702378,23.80988101,169.0428571,39.94285714,2.692857143,76.04531501,90.58571429,14.47857143,44.29285714,19.21428571,9.809583378,48.3192594,369.5748317,38.94000002,18.63857144,20.30142858,31.68214286,25.67071434,18,17,42.40708318,11.05791682
DJI,280,777,1279.243459,1279.243459,902.3863981,902.3863981,902.3863981,0,0.996287129,0,0,0,0,0.003712871,0,0,0,0,0,0,0,0,0,0,0,0,0,0,26.82219294,31.14719299,22.2059649,200.6105263,43.76842105,4.347368421,67.65028165,100.8315789,21.22105263,75.43157895,27.08421053,9.912982439,48.36039413,376.3475416,37.46526305,16.96736839,20.49789465,30.38245617,24.15543855,18,17,42.50708318,11.05791682
DJI,284,419,5580.201967,5580.201967,4109.896483,4109.896483,4109.896483,0,0.709876543,0,0,0.019290123,0.00154321,0.052469136,0.094135802,0,0.113425926,0.00308642,0,0.00617284,0,0,0,0,0,0,0,0,27.37294561,32.24606469,22.62476851,185.9861111,28.3125,3.875,43.92424623,63.76388889,29.4375,46.28472222,37.98611111,9.267766171,46.14659749,396.5680428,38.01736098,17.93472215,20.08263883,28.22592591,29.95474536,18,17,42.90708318,11.05791682
DJI,285,305,1716.946487,1716.946487,3776.214823,3776.214823,3776.214823,0.324377388,0.90877193,0,0,0,0,0,0.089473684,0,0.001754386,0,0,0,0,0,0,0,0,0,0,0,28.26833338,33.27452376,23.51357136,168.7285714,26.02857143,2.9,42.43277255,59.12857143,24.78571429,35.67142857,37.57142857,9.207381085,46.19507659,401.0929007,38.87571449,18.94428569,19.9314288,25.9142858,32.55047602,18,17,43.00708318,11.05791682
DJI,292,610,1978.204055,1978.204055,725.6462588,725.6462588,725.6462588,0.332593203,0.78975265,0,0,0.127208481,0,0.083038869,0,0,0,0,0,0,0,0,0,0,0,0,0,0,29.69803917,33.63088204,25.45563743,175.6470588,45.11764706,2,88.33581924,99.86764706,10.98529412,78.75,15.97058824,9.982598108,50.70925023,346.4242751,40.09264665,20.40735267,19.68529398,32.91323527,27.18259828,18,17,42.00708318,10.95791682
