Time.Series.ID,Country,Admin.1,Admin.2,City.,year,GID_1,GID_2,population_per_1km,EVI,elevation,LC_10,LC_20,LC_30,LC_40,LC_120,LC_122,LC_130,LC_150,LC_200,LC_11,LC_12,LC_100,LC_190,LC_210,LC_153,LC_170,LC_180,LC_201,LC_60,LC_62,LC_110,LC_152,LC_50,LC_61,LC_70,LC_121,LC_202,LC_80,LC_71,LC_160,worldclim_1,worldclim_10,worldclim_11,worldclim_12,worldclim_13,worldclim_14,worldclim_15,worldclim_16,worldclim_17,worldclim_18,worldclim_19,worldclim_2,worldclim_3,worldclim_4,worldclim_5,worldclim_6,worldclim_7,worldclim_8,worldclim_9
1,India,Tamil Nadu,Salem,Urban,1976,IND.31_1,IND.31.18_1,578.7339309,3260.083252,369.5,0.601754104,0.042048479,0.058089063,0.008484719,0.003197399,0,0.00208992,0.00062519,0,0.000893128,0,0.056570745,0.005465945,0.017183788,0,0,0,0,0.150117,0,8.93E-05,0,0.01977386,3.57E-05,0.032063305,0.001518318,0,0,0,0,27.53333282,30.18333435,24.70000076,885,194,8,75.89488983,437,32,166,160,10.66666698,60.20599365,212.6926498,36.59999847,18.89999962,17.60000229,26.95000076,26.75
1,India,Tamil Nadu,Salem,Urban,1977,IND.31_1,IND.31.18_1,578.7339309,3260.083252,369.5,0.601754104,0.042048479,0.058089063,0.008484719,0.003197399,0,0.00208992,0.00062519,0,0.000893128,0,0.056570745,0.005465945,0.017183788,0,0,0,0,0.150117,0,8.93E-05,0,0.01977386,3.57E-05,0.032063305,0.001518318,0,0,0,0,27.53333282,30.18333435,24.70000076,885,194,8,75.89488983,437,32,166,160,10.66666698,60.20599365,212.6926498,36.59999847,18.89999962,17.60000229,26.95000076,26.75
2,India,Tamil Nadu,Salem,Urban,1976,IND.31_1,IND.31.18_1,578.7339309,3260.083252,369.5,0.601754104,0.042048479,0.058089063,0.008484719,0.003197399,0,0.00208992,0.00062519,0,0.000893128,0,0.056570745,0.005465945,0.017183788,0,0,0,0,0.150117,0,8.93E-05,0,0.01977386,3.57E-05,0.032063305,0.001518318,0,0,0,0,27.53333282,30.18333435,24.70000076,885,194,8,75.89488983,437,32,166,160,10.66666698,60.20599365,212.6926498,36.59999847,18.89999962,17.60000229,26.95000076,26.75
2,India,Tamil Nadu,Salem,Urban,1977,IND.31_1,IND.31.18_1,578.7339309,3260.083252,369.5,0.601754104,0.042048479,0.058089063,0.008484719,0.003197399,0,0.00208992,0.00062519,0,0.000893128,0,0.056570745,0.005465945,0.017183788,0,0,0,0,0.150117,0,8.93E-05,0,0.01977386,3.57E-05,0.032063305,0.001518318,0,0,0,0,27.53333282,30.18333435,24.70000076,885,194,8,75.89488983,437,32,166,160,10.66666698,60.20599365,212.6926498,36.59999847,18.89999962,17.60000229,26.95000076,26.75
3,India,Tamil Nadu,Salem,Urban,1976,IND.31_1,IND.31.18_1,578.7339309,3260.083252,369.5,0.601754104,0.042048479,0.058089063,0.008484719,0.003197399,0,0.00208992,0.00062519,0,0.000893128,0,0.056570745,0.005465945,0.017183788,0,0,0,0,0.150117,0,8.93E-05,0,0.01977386,3.57E-05,0.032063305,0.001518318,0,0,0,0,27.53333282,30.18333435,24.70000076,885,194,8,75.89488983,437,32,166,160,10.66666698,60.20599365,212.6926498,36.59999847,18.89999962,17.60000229,26.95000076,26.75
3,India,Tamil Nadu,Salem,Urban,1977,IND.31_1,IND.31.18_1,578.7339309,3260.083252,369.5,0.601754104,0.042048479,0.058089063,0.008484719,0.003197399,0,0.00208992,0.00062519,0,0.000893128,0,0.056570745,0.005465945,0.017183788,0,0,0,0,0.150117,0,8.93E-05,0,0.01977386,3.57E-05,0.032063305,0.001518318,0,0,0,0,27.53333282,30.18333435,24.70000076,885,194,8,75.89488983,437,32,166,160,10.66666698,60.20599365,212.6926498,36.59999847,18.89999962,17.60000229,26.95000076,26.75
4,India,Tamil Nadu,Salem,Urban,1976,IND.31_1,IND.31.18_1,578.7339309,3260.083252,369.5,0.601754104,0.042048479,0.058089063,0.008484719,0.003197399,0,0.00208992,0.00062519,0,0.000893128,0,0.056570745,0.005465945,0.017183788,0,0,0,0,0.150117,0,8.93E-05,0,0.01977386,3.57E-05,0.032063305,0.001518318,0,0,0,0,27.53333282,30.18333435,24.70000076,885,194,8,75.89488983,437,32,166,160,10.66666698,60.20599365,212.6926498,36.59999847,18.89999962,17.60000229,26.95000076,26.75
4,India,Tamil Nadu,Salem,Urban,1977,IND.31_1,IND.31.18_1,578.7339309,3260.083252,369.5,0.601754104,0.042048479,0.058089063,0.008484719,0.003197399,0,0.00208992,0.00062519,0,0.000893128,0,0.056570745,0.005465945,0.017183788,0,0,0,0,0.150117,0,8.93E-05,0,0.01977386,3.57E-05,0.032063305,0.001518318,0,0,0,0,27.53333282,30.18333435,24.70000076,885,194,8,75.89488983,437,32,166,160,10.66666698,60.20599365,212.6926498,36.59999847,18.89999962,17.60000229,26.95000076,26.75
5,Pakistan,Punjab,Lahore,Rural,1976,PAK.7_1,PAK.7.5_1,936.7615875,2610.25,183,0.033371244,0.942532919,0.0018753,0.000995779,0.000197134,0,0.006272904,0.000712715,0.000596457,0.001966285,0,0.000187025,0.005160866,0.005777542,0,0,0.00018197,0,0,0,0,0,0,0,3.03E-05,9.60E-05,0,0,1.01E-05,3.54E-05,23.85833359,32.09999847,13.51666641,393,111,3,110.6638489,260,18,160,45,13.53333282,38.40375519,775.7366943,40.40000153,5.099999905,35.39999771,30.56666565,19.13333321
5,Pakistan,Punjab,Lahore,Rural,1977,PAK.7_1,PAK.7.5_1,936.7615875,2610.25,183,0.033371244,0.942532919,0.0018753,0.000995779,0.000197134,0,0.006272904,0.000712715,0.000596457,0.001966285,0,0.000187025,0.005160866,0.005777542,0,0,0.00018197,0,0,0,0,0,0,0,3.03E-05,9.60E-05,0,0,1.01E-05,3.54E-05,23.85833359,32.09999847,13.51666641,393,111,3,110.6638489,260,18,160,45,13.53333282,38.40375519,775.7366943,40.40000153,5.099999905,35.39999771,30.56666565,19.13333321
5,Pakistan,Punjab,Lahore,Rural,1978,PAK.7_1,PAK.7.5_1,936.7615875,2610.25,183,0.033371244,0.942532919,0.0018753,0.000995779,0.000197134,0,0.006272904,0.000712715,0.000596457,0.001966285,0,0.000187025,0.005160866,0.005777542,0,0,0.00018197,0,0,0,0,0,0,0,3.03E-05,9.60E-05,0,0,1.01E-05,3.54E-05,23.85833359,32.09999847,13.51666641,393,111,3,110.6638489,260,18,160,45,13.53333282,38.40375519,775.7366943,40.40000153,5.099999905,35.39999771,30.56666565,19.13333321
5,Pakistan,Punjab,Lahore,Rural,1979,PAK.7_1,PAK.7.5_1,936.7615875,2610.25,183,0.033371244,0.942532919,0.0018753,0.000995779,0.000197134,0,0.006272904,0.000712715,0.000596457,0.001966285,0,0.000187025,0.005160866,0.005777542,0,0,0.00018197,0,0,0,0,0,0,0,3.03E-05,9.60E-05,0,0,1.01E-05,3.54E-05,23.85833359,32.09999847,13.51666641,393,111,3,110.6638489,260,18,160,45,13.53333282,38.40375519,775.7366943,40.40000153,5.099999905,35.39999771,30.56666565,19.13333321
5,Pakistan,Punjab,Lahore,Rural,1980,PAK.7_1,PAK.7.5_1,936.7615875,2610.25,183,0.033371244,0.942532919,0.0018753,0.000995779,0.000197134,0,0.006272904,0.000712715,0.000596457,0.001966285,0,0.000187025,0.005160866,0.005777542,0,0,0.00018197,0,0,0,0,0,0,0,3.03E-05,9.60E-05,0,0,1.01E-05,3.54E-05,23.85833359,32.09999847,13.51666641,393,111,3,110.6638489,260,18,160,45,13.53333282,38.40375519,775.7366943,40.40000153,5.099999905,35.39999771,30.56666565,19.13333321
6,Pakistan,Punjab,Lahore,Rural,1976,PAK.7_1,PAK.7.5_1,936.7615875,2610.25,183,0.033371244,0.942532919,0.0018753,0.000995779,0.000197134,0,0.006272904,0.000712715,0.000596457,0.001966285,0,0.000187025,0.005160866,0.005777542,0,0,0.00018197,0,0,0,0,0,0,0,3.03E-05,9.60E-05,0,0,1.01E-05,3.54E-05,23.85833359,32.09999847,13.51666641,393,111,3,110.6638489,260,18,160,45,13.53333282,38.40375519,775.7366943,40.40000153,5.099999905,35.39999771,30.56666565,19.13333321
6,Pakistan,Punjab,Lahore,Rural,1977,PAK.7_1,PAK.7.5_1,936.7615875,2610.25,183,0.033371244,0.942532919,0.0018753,0.000995779,0.000197134,0,0.006272904,0.000712715,0.000596457,0.001966285,0,0.000187025,0.005160866,0.005777542,0,0,0.00018197,0,0,0,0,0,0,0,3.03E-05,9.60E-05,0,0,1.01E-05,3.54E-05,23.85833359,32.09999847,13.51666641,393,111,3,110.6638489,260,18,160,45,13.53333282,38.40375519,775.7366943,40.40000153,5.099999905,35.39999771,30.56666565,19.13333321
6,Pakistan,Punjab,Lahore,Rural,1978,PAK.7_1,PAK.7.5_1,936.7615875,2610.25,183,0.033371244,0.942532919,0.0018753,0.000995779,0.000197134,0,0.006272904,0.000712715,0.000596457,0.001966285,0,0.000187025,0.005160866,0.005777542,0,0,0.00018197,0,0,0,0,0,0,0,3.03E-05,9.60E-05,0,0,1.01E-05,3.54E-05,23.85833359,32.09999847,13.51666641,393,111,3,110.6638489,260,18,160,45,13.53333282,38.40375519,775.7366943,40.40000153,5.099999905,35.39999771,30.56666565,19.13333321
6,Pakistan,Punjab,Lahore,Rural,1979,PAK.7_1,PAK.7.5_1,936.7615875,2610.25,183,0.033371244,0.942532919,0.0018753,0.000995779,0.000197134,0,0.006272904,0.000712715,0.000596457,0.001966285,0,0.000187025,0.005160866,0.005777542,0,0,0.00018197,0,0,0,0,0,0,0,3.03E-05,9.60E-05,0,0,1.01E-05,3.54E-05,23.85833359,32.09999847,13.51666641,393,111,3,110.6638489,260,18,160,45,13.53333282,38.40375519,775.7366943,40.40000153,5.099999905,35.39999771,30.56666565,19.13333321
6,Pakistan,Punjab,Lahore,Rural,1980,PAK.7_1,PAK.7.5_1,936.7615875,2610.25,183,0.033371244,0.942532919,0.0018753,0.000995779,0.000197134,0,0.006272904,0.000712715,0.000596457,0.001966285,0,0.000187025,0.005160866,0.005777542,0,0,0.00018197,0,0,0,0,0,0,0,3.03E-05,9.60E-05,0,0,1.01E-05,3.54E-05,23.85833359,32.09999847,13.51666641,393,111,3,110.6638489,260,18,160,45,13.53333282,38.40375519,775.7366943,40.40000153,5.099999905,35.39999771,30.56666565,19.13333321
7,Iran,Hormozgan,Minab,Rural,1984,IRN.11_1,IRN.11.13_1,31.01858866,465.4583282,651.5,0.011071423,0,0.001857091,0.00150938,0.00380111,0.009143209,0,0.019282136,0.94601002,0,0,0,0.003405984,0.002900223,0,7.90E-06,1.58E-05,0,0,0,0.000995717,0,0,0,0,0,0,0,0,0,25.94166756,32.21666718,18.58333397,254,47,5,73.07491302,132,23,47,119,8.583333015,36.95652008,563.7388916,36.20000076,13.10000038,23.40000153,19.60000038,27.16666603
7,Iran,Hormozgan,Minab,Rural,1985,IRN.11_1,IRN.11.13_1,31.01858866,465.4583282,651.5,0.011071423,0,0.001857091,0.00150938,0.00380111,0.009143209,0,0.019282136,0.94601002,0,0,0,0.003405984,0.002900223,0,7.90E-06,1.58E-05,0,0,0,0.000995717,0,0,0,0,0,0,0,0,0,25.94166756,32.21666718,18.58333397,254,47,5,73.07491302,132,23,47,119,8.583333015,36.95652008,563.7388916,36.20000076,13.10000038,23.40000153,19.60000038,27.16666603
8,Iran,Hormozgan,Minab,Rural,1984,IRN.11_1,IRN.11.13_1,31.01858866,465.4583282,651.5,0.011071423,0,0.001857091,0.00150938,0.00380111,0.009143209,0,0.019282136,0.94601002,0,0,0,0.003405984,0.002900223,0,7.90E-06,1.58E-05,0,0,0,0.000995717,0,0,0,0,0,0,0,0,0,25.94166756,32.21666718,18.58333397,254,47,5,73.07491302,132,23,47,119,8.583333015,36.95652008,563.7388916,36.20000076,13.10000038,23.40000153,19.60000038,27.16666603
8,Iran,Hormozgan,Minab,Rural,1985,IRN.11_1,IRN.11.13_1,31.01858866,465.4583282,651.5,0.011071423,0,0.001857091,0.00150938,0.00380111,0.009143209,0,0.019282136,0.94601002,0,0,0,0.003405984,0.002900223,0,7.90E-06,1.58E-05,0,0,0,0.000995717,0,0,0,0,0,0,0,0,0,25.94166756,32.21666718,18.58333397,254,47,5,73.07491302,132,23,47,119,8.583333015,36.95652008,563.7388916,36.20000076,13.10000038,23.40000153,19.60000038,27.16666603
9,Iran,Hormozgan,Minab,Rural,1984,IRN.11_1,IRN.11.13_1,31.01858866,465.4583282,651.5,0.011071423,0,0.001857091,0.00150938,0.00380111,0.009143209,0,0.019282136,0.94601002,0,0,0,0.003405984,0.002900223,0,7.90E-06,1.58E-05,0,0,0,0.000995717,0,0,0,0,0,0,0,0,0,25.94166756,32.21666718,18.58333397,254,47,5,73.07491302,132,23,47,119,8.583333015,36.95652008,563.7388916,36.20000076,13.10000038,23.40000153,19.60000038,27.16666603
9,Iran,Hormozgan,Minab,Rural,1985,IRN.11_1,IRN.11.13_1,31.01858866,465.4583282,651.5,0.011071423,0,0.001857091,0.00150938,0.00380111,0.009143209,0,0.019282136,0.94601002,0,0,0,0.003405984,0.002900223,0,7.90E-06,1.58E-05,0,0,0,0.000995717,0,0,0,0,0,0,0,0,0,25.94166756,32.21666718,18.58333397,254,47,5,73.07491302,132,23,47,119,8.583333015,36.95652008,563.7388916,36.20000076,13.10000038,23.40000153,19.60000038,27.16666603
10,India,Gujarat,Kheda,Rural,1985,IND.11_1,IND.11.17_1,454.5308782,2598.166748,76,0.277594402,0.582453129,0.073893143,0.040335358,0.007393715,0,0.003960919,0,0,0.001804419,0,0,0.003740868,0.004731098,0,0.000132031,0.000198046,0,0.003564827,0,0,0,0.000198046,0,0,0,0,0,0,0,26.95416641,32.34999847,20.81666756,815,310,1,155.3201752,699,4,90,4,13.5666666,45.79096222,447.8805542,41.09999847,11.19999981,29.79999924,28.43333244,26.58333397
11,India,West Bengal,Kolkata,Urban,1985,IND.36_1,IND.36.11_1,31017.1206,1561.041687,0,0.007714561,0.011571842,0.003857281,0.027965284,0,0,0.00096432,0,0,0,0,0,0.905496625,0.042430087,0,0,0,0,0,0,0,0,0,0,0,0,0,0,0,0,26.91666603,30.48333359,21.23333359,1633.5,344,5,98.69612122,975,40,436,40,9.774999619,43.79629898,385.4143524,35.90000153,13.60000038,22.29999924,29.21666718,21.23333359
11,India,West Bengal,Kolkata,Urban,1986,IND.36_1,IND.36.11_1,31017.1206,1561.041687,0,0.007714561,0.011571842,0.003857281,0.027965284,0,0,0.00096432,0,0,0,0,0,0.905496625,0.042430087,0,0,0,0,0,0,0,0,0,0,0,0,0,0,0,0,26.91666603,30.48333359,21.23333359,1633.5,344,5,98.69612122,975,40,436,40,9.774999619,43.79629898,385.4143524,35.90000153,13.60000038,22.29999924,29.21666718,21.23333359
12,India,West Bengal,Kolkata,Urban,1986,IND.36_1,IND.36.11_1,31017.1206,1561.041687,0,0.007714561,0.011571842,0.003857281,0.027965284,0,0,0.00096432,0,0,0,0,0,0.905496625,0.042430087,0,0,0,0,0,0,0,0,0,0,0,0,0,0,0,0,26.91666603,30.48333359,21.23333359,1633.5,344,5,98.69612122,975,40,436,40,9.774999619,43.79629898,385.4143524,35.90000153,13.60000038,22.29999924,29.21666718,21.23333359
13,India,Gujarat,Kheda,Rural,1987,IND.11_1,IND.11.17_1,454.5308782,2598.166748,76,0.277594402,0.582453129,0.073893143,0.040335358,0.007393715,0,0.003960919,0,0,0.001804419,0,0,0.003740868,0.004731098,0,0.000132031,0.000198046,0,0.003564827,0,0,0,0.000198046,0,0,0,0,0,0,0,26.95416641,32.34999847,20.81666756,815,310,1,155.3201752,699,4,90,4,13.5666666,45.79096222,447.8805542,41.09999847,11.19999981,29.79999924,28.43333244,26.58333397
13,India,Gujarat,Kheda,Rural,1988,IND.11_1,IND.11.17_1,454.5308782,2598.166748,76,0.277594402,0.582453129,0.073893143,0.040335358,0.007393715,0,0.003960919,0,0,0.001804419,0,0,0.003740868,0.004731098,0,0.000132031,0.000198046,0,0.003564827,0,0,0,0.000198046,0,0,0,0,0,0,0,26.95416641,32.34999847,20.81666756,815,310,1,155.3201752,699,4,90,4,13.5666666,45.79096222,447.8805542,41.09999847,11.19999981,29.79999924,28.43333244,26.58333397
14,India,Gujarat,Kheda,Rural,1987,IND.11_1,IND.11.17_1,454.5308782,2598.166748,76,0.277594402,0.582453129,0.073893143,0.040335358,0.007393715,0,0.003960919,0,0,0.001804419,0,0,0.003740868,0.004731098,0,0.000132031,0.000198046,0,0.003564827,0,0,0,0.000198046,0,0,0,0,0,0,0,26.95416641,32.34999847,20.81666756,815,310,1,155.3201752,699,4,90,4,13.5666666,45.79096222,447.8805542,41.09999847,11.19999981,29.79999924,28.43333244,26.58333397
14,India,Gujarat,Kheda,Rural,1988,IND.11_1,IND.11.17_1,454.5308782,2598.166748,76,0.277594402,0.582453129,0.073893143,0.040335358,0.007393715,0,0.003960919,0,0,0.001804419,0,0,0.003740868,0.004731098,0,0.000132031,0.000198046,0,0.003564827,0,0,0,0.000198046,0,0,0,0,0,0,0,26.95416641,32.34999847,20.81666756,815,310,1,155.3201752,699,4,90,4,13.5666666,45.79096222,447.8805542,41.09999847,11.19999981,29.79999924,28.43333244,26.58333397
15,India,Gujarat,Kheda,Rural,1987,IND.11_1,IND.11.17_1,454.5308782,2598.166748,76,0.277594402,0.582453129,0.073893143,0.040335358,0.007393715,0,0.003960919,0,0,0.001804419,0,0,0.003740868,0.004731098,0,0.000132031,0.000198046,0,0.003564827,0,0,0,0.000198046,0,0,0,0,0,0,0,26.95416641,32.34999847,20.81666756,815,310,1,155.3201752,699,4,90,4,13.5666666,45.79096222,447.8805542,41.09999847,11.19999981,29.79999924,28.43333244,26.58333397
15,India,Gujarat,Kheda,Rural,1988,IND.11_1,IND.11.17_1,454.5308782,2598.166748,76,0.277594402,0.582453129,0.073893143,0.040335358,0.007393715,0,0.003960919,0,0,0.001804419,0,0,0.003740868,0.004731098,0,0.000132031,0.000198046,0,0.003564827,0,0,0,0.000198046,0,0,0,0,0,0,0,26.95416641,32.34999847,20.81666756,815,310,1,155.3201752,699,4,90,4,13.5666666,45.79096222,447.8805542,41.09999847,11.19999981,29.79999924,28.43333244,26.58333397
16,India,Uttar Pradesh,Ghaziabad,Rural,1986,IND.34_1,IND.34.30_1,2222.796735,2874.833252,213,0.076274435,0.815254887,0.021751629,0.000862399,0.001437332,0,0.005461863,0.000670755,0,0.002778842,0.00488693,9.58E-05,0.067937907,0.001916443,0,0,0,0,0.000670755,0,0,0,0,0,0,0,0,0,0,0,24.57083321,32.06666565,15.21666622,839,268,5,137.6368713,673,30,299,47,13.36666679,40.11976242,689.8763428,40.20000076,6.800000191,33.39999771,29.5,27.5
16,India,Uttar Pradesh,Ghaziabad,Rural,1987,IND.34_1,IND.34.30_1,2222.796735,2874.833252,213,0.076274435,0.815254887,0.021751629,0.000862399,0.001437332,0,0.005461863,0.000670755,0,0.002778842,0.00488693,9.58E-05,0.067937907,0.001916443,0,0,0,0,0.000670755,0,0,0,0,0,0,0,0,0,0,0,24.57083321,32.06666565,15.21666622,839,268,5,137.6368713,673,30,299,47,13.36666679,40.11976242,689.8763428,40.20000076,6.800000191,33.39999771,29.5,27.5
16,India,Uttar Pradesh,Ghaziabad,Rural,1988,IND.34_1,IND.34.30_1,2222.796735,2874.833252,213,0.076274435,0.815254887,0.021751629,0.000862399,0.001437332,0,0.005461863,0.000670755,0,0.002778842,0.00488693,9.58E-05,0.067937907,0.001916443,0,0,0,0,0.000670755,0,0,0,0,0,0,0,0,0,0,0,24.57083321,32.06666565,15.21666622,839,268,5,137.6368713,673,30,299,47,13.36666679,40.11976242,689.8763428,40.20000076,6.800000191,33.39999771,29.5,27.5
17,India,Gujarat,Kheda,Rural,1989,IND.11_1,IND.11.17_1,454.5308782,2598.166748,76,0.277594402,0.582453129,0.073893143,0.040335358,0.007393715,0,0.003960919,0,0,0.001804419,0,0,0.003740868,0.004731098,0,0.000132031,0.000198046,0,0.003564827,0,0,0,0.000198046,0,0,0,0,0,0,0,26.95416641,32.34999847,20.81666756,815,310,1,155.3201752,699,4,90,4,13.5666666,45.79096222,447.8805542,41.09999847,11.19999981,29.79999924,28.43333244,26.58333397
18,India,Gujarat,Kheda,Rural,1989,IND.11_1,IND.11.17_1,454.5308782,2598.166748,76,0.277594402,0.582453129,0.073893143,0.040335358,0.007393715,0,0.003960919,0,0,0.001804419,0,0,0.003740868,0.004731098,0,0.000132031,0.000198046,0,0.003564827,0,0,0,0.000198046,0,0,0,0,0,0,0,26.95416641,32.34999847,20.81666756,815,310,1,155.3201752,699,4,90,4,13.5666666,45.79096222,447.8805542,41.09999847,11.19999981,29.79999924,28.43333244,26.58333397
19,India,Gujarat,Kheda,Rural,1985,IND.11_1,IND.11.17_1,454.5308782,2598.166748,76,0.277594402,0.582453129,0.073893143,0.040335358,0.007393715,0,0.003960919,0,0,0.001804419,0,0,0.003740868,0.004731098,0,0.000132031,0.000198046,0,0.003564827,0,0,0,0.000198046,0,0,0,0,0,0,0,26.95416641,32.34999847,20.81666756,815,310,1,155.3201752,699,4,90,4,13.5666666,45.79096222,447.8805542,41.09999847,11.19999981,29.79999924,28.43333244,26.58333397
19,India,Gujarat,Kheda,Rural,1986,IND.11_1,IND.11.17_1,454.5308782,2598.166748,76,0.277594402,0.582453129,0.073893143,0.040335358,0.007393715,0,0.003960919,0,0,0.001804419,0,0,0.003740868,0.004731098,0,0.000132031,0.000198046,0,0.003564827,0,0,0,0.000198046,0,0,0,0,0,0,0,26.95416641,32.34999847,20.81666756,815,310,1,155.3201752,699,4,90,4,13.5666666,45.79096222,447.8805542,41.09999847,11.19999981,29.79999924,28.43333244,26.58333397
19,India,Gujarat,Kheda,Rural,1987,IND.11_1,IND.11.17_1,454.5308782,2598.166748,76,0.277594402,0.582453129,0.073893143,0.040335358,0.007393715,0,0.003960919,0,0,0.001804419,0,0,0.003740868,0.004731098,0,0.000132031,0.000198046,0,0.003564827,0,0,0,0.000198046,0,0,0,0,0,0,0,26.95416641,32.34999847,20.81666756,815,310,1,155.3201752,699,4,90,4,13.5666666,45.79096222,447.8805542,41.09999847,11.19999981,29.79999924,28.43333244,26.58333397
19,India,Gujarat,Kheda,Rural,1988,IND.11_1,IND.11.17_1,454.5308782,2598.166748,76,0.277594402,0.582453129,0.073893143,0.040335358,0.007393715,0,0.003960919,0,0,0.001804419,0,0,0.003740868,0.004731098,0,0.000132031,0.000198046,0,0.003564827,0,0,0,0.000198046,0,0,0,0,0,0,0,26.95416641,32.34999847,20.81666756,815,310,1,155.3201752,699,4,90,4,13.5666666,45.79096222,447.8805542,41.09999847,11.19999981,29.79999924,28.43333244,26.58333397
20,India,Gujarat,Kheda,Rural,1985,IND.11_1,IND.11.17_1,454.5308782,2598.166748,76,0.277594402,0.582453129,0.073893143,0.040335358,0.007393715,0,0.003960919,0,0,0.001804419,0,0,0.003740868,0.004731098,0,0.000132031,0.000198046,0,0.003564827,0,0,0,0.000198046,0,0,0,0,0,0,0,26.95416641,32.34999847,20.81666756,815,310,1,155.3201752,699,4,90,4,13.5666666,45.79096222,447.8805542,41.09999847,11.19999981,29.79999924,28.43333244,26.58333397
20,India,Gujarat,Kheda,Rural,1986,IND.11_1,IND.11.17_1,454.5308782,2598.166748,76,0.277594402,0.582453129,0.073893143,0.040335358,0.007393715,0,0.003960919,0,0,0.001804419,0,0,0.003740868,0.004731098,0,0.000132031,0.000198046,0,0.003564827,0,0,0,0.000198046,0,0,0,0,0,0,0,26.95416641,32.34999847,20.81666756,815,310,1,155.3201752,699,4,90,4,13.5666666,45.79096222,447.8805542,41.09999847,11.19999981,29.79999924,28.43333244,26.58333397
20,India,Gujarat,Kheda,Rural,1987,IND.11_1,IND.11.17_1,454.5308782,2598.166748,76,0.277594402,0.582453129,0.073893143,0.040335358,0.007393715,0,0.003960919,0,0,0.001804419,0,0,0.003740868,0.004731098,0,0.000132031,0.000198046,0,0.003564827,0,0,0,0.000198046,0,0,0,0,0,0,0,26.95416641,32.34999847,20.81666756,815,310,1,155.3201752,699,4,90,4,13.5666666,45.79096222,447.8805542,41.09999847,11.19999981,29.79999924,28.43333244,26.58333397
20,India,Gujarat,Kheda,Rural,1988,IND.11_1,IND.11.17_1,454.5308782,2598.166748,76,0.277594402,0.582453129,0.073893143,0.040335358,0.007393715,0,0.003960919,0,0,0.001804419,0,0,0.003740868,0.004731098,0,0.000132031,0.000198046,0,0.003564827,0,0,0,0.000198046,0,0,0,0,0,0,0,26.95416641,32.34999847,20.81666756,815,310,1,155.3201752,699,4,90,4,13.5666666,45.79096222,447.8805542,41.09999847,11.19999981,29.79999924,28.43333244,26.58333397
21,India,Gujarat,Kheda,Rural,1985,IND.11_1,IND.11.17_1,454.5308782,2598.166748,76,0.277594402,0.582453129,0.073893143,0.040335358,0.007393715,0,0.003960919,0,0,0.001804419,0,0,0.003740868,0.004731098,0,0.000132031,0.000198046,0,0.003564827,0,0,0,0.000198046,0,0,0,0,0,0,0,26.95416641,32.34999847,20.81666756,815,310,1,155.3201752,699,4,90,4,13.5666666,45.79096222,447.8805542,41.09999847,11.19999981,29.79999924,28.43333244,26.58333397
21,India,Gujarat,Kheda,Rural,1986,IND.11_1,IND.11.17_1,454.5308782,2598.166748,76,0.277594402,0.582453129,0.073893143,0.040335358,0.007393715,0,0.003960919,0,0,0.001804419,0,0,0.003740868,0.004731098,0,0.000132031,0.000198046,0,0.003564827,0,0,0,0.000198046,0,0,0,0,0,0,0,26.95416641,32.34999847,20.81666756,815,310,1,155.3201752,699,4,90,4,13.5666666,45.79096222,447.8805542,41.09999847,11.19999981,29.79999924,28.43333244,26.58333397
21,India,Gujarat,Kheda,Rural,1987,IND.11_1,IND.11.17_1,454.5308782,2598.166748,76,0.277594402,0.582453129,0.073893143,0.040335358,0.007393715,0,0.003960919,0,0,0.001804419,0,0,0.003740868,0.004731098,0,0.000132031,0.000198046,0,0.003564827,0,0,0,0.000198046,0,0,0,0,0,0,0,26.95416641,32.34999847,20.81666756,815,310,1,155.3201752,699,4,90,4,13.5666666,45.79096222,447.8805542,41.09999847,11.19999981,29.79999924,28.43333244,26.58333397
21,India,Gujarat,Kheda,Rural,1988,IND.11_1,IND.11.17_1,454.5308782,2598.166748,76,0.277594402,0.582453129,0.073893143,0.040335358,0.007393715,0,0.003960919,0,0,0.001804419,0,0,0.003740868,0.004731098,0,0.000132031,0.000198046,0,0.003564827,0,0,0,0.000198046,0,0,0,0,0,0,0,26.95416641,32.34999847,20.81666756,815,310,1,155.3201752,699,4,90,4,13.5666666,45.79096222,447.8805542,41.09999847,11.19999981,29.79999924,28.43333244,26.58333397
22,India,Gujarat,Kheda,Rural,1989,IND.11_1,IND.11.17_1,454.5308782,2598.166748,76,0.277594402,0.582453129,0.073893143,0.040335358,0.007393715,0,0.003960919,0,0,0.001804419,0,0,0.003740868,0.004731098,0,0.000132031,0.000198046,0,0.003564827,0,0,0,0.000198046,0,0,0,0,0,0,0,26.95416641,32.34999847,20.81666756,815,310,1,155.3201752,699,4,90,4,13.5666666,45.79096222,447.8805542,41.09999847,11.19999981,29.79999924,28.43333244,26.58333397
22,India,Gujarat,Kheda,Rural,1990,IND.11_1,IND.11.17_1,454.5308782,2598.166748,76,0.277594402,0.582453129,0.073893143,0.040335358,0.007393715,0,0.003960919,0,0,0.001804419,0,0,0.003740868,0.004731098,0,0.000132031,0.000198046,0,0.003564827,0,0,0,0.000198046,0,0,0,0,0,0,0,26.95416641,32.34999847,20.81666756,815,310,1,155.3201752,699,4,90,4,13.5666666,45.79096222,447.8805542,41.09999847,11.19999981,29.79999924,28.43333244,26.58333397
22,India,Gujarat,Kheda,Rural,1991,IND.11_1,IND.11.17_1,454.5308782,2598.166748,76,0.277594402,0.582453129,0.073893143,0.040335358,0.007393715,0,0.003960919,0,0,0.001804419,0,0,0.003740868,0.004731098,0,0.000132031,0.000198046,0,0.003564827,0,0,0,0.000198046,0,0,0,0,0,0,0,26.95416641,32.34999847,20.81666756,815,310,1,155.3201752,699,4,90,4,13.5666666,45.79096222,447.8805542,41.09999847,11.19999981,29.79999924,28.43333244,26.58333397
23,India,West Bengal,Kolkata,Urban,1986,IND.36_1,IND.36.11_1,31017.1206,1561.041687,0,0.007714561,0.011571842,0.003857281,0.027965284,0,0,0.00096432,0,0,0,0,0,0.905496625,0.042430087,0,0,0,0,0,0,0,0,0,0,0,0,0,0,0,0,26.91666603,30.48333359,21.23333359,1633.5,344,5,98.69612122,975,40,436,40,9.774999619,43.79629898,385.4143524,35.90000153,13.60000038,22.29999924,29.21666718,21.23333359
23,India,West Bengal,Kolkata,Urban,1987,IND.36_1,IND.36.11_1,31017.1206,1561.041687,0,0.007714561,0.011571842,0.003857281,0.027965284,0,0,0.00096432,0,0,0,0,0,0.905496625,0.042430087,0,0,0,0,0,0,0,0,0,0,0,0,0,0,0,0,26.91666603,30.48333359,21.23333359,1633.5,344,5,98.69612122,975,40,436,40,9.774999619,43.79629898,385.4143524,35.90000153,13.60000038,22.29999924,29.21666718,21.23333359
24,India,West Bengal,Kolkata,Urban,1986,IND.36_1,IND.36.11_1,31017.1206,1561.041687,0,0.007714561,0.011571842,0.003857281,0.027965284,0,0,0.00096432,0,0,0,0,0,0.905496625,0.042430087,0,0,0,0,0,0,0,0,0,0,0,0,0,0,0,0,26.91666603,30.48333359,21.23333359,1633.5,344,5,98.69612122,975,40,436,40,9.774999619,43.79629898,385.4143524,35.90000153,13.60000038,22.29999924,29.21666718,21.23333359
24,India,West Bengal,Kolkata,Urban,1987,IND.36_1,IND.36.11_1,31017.1206,1561.041687,0,0.007714561,0.011571842,0.003857281,0.027965284,0,0,0.00096432,0,0,0,0,0,0.905496625,0.042430087,0,0,0,0,0,0,0,0,0,0,0,0,0,0,0,0,26.91666603,30.48333359,21.23333359,1633.5,344,5,98.69612122,975,40,436,40,9.774999619,43.79629898,385.4143524,35.90000153,13.60000038,22.29999924,29.21666718,21.23333359
25,India,West Bengal,Kolkata,Urban,1986,IND.36_1,IND.36.11_1,31017.1206,1561.041687,0,0.007714561,0.011571842,0.003857281,0.027965284,0,0,0.00096432,0,0,0,0,0,0.905496625,0.042430087,0,0,0,0,0,0,0,0,0,0,0,0,0,0,0,0,26.91666603,30.48333359,21.23333359,1633.5,344,5,98.69612122,975,40,436,40,9.774999619,43.79629898,385.4143524,35.90000153,13.60000038,22.29999924,29.21666718,21.23333359
25,India,West Bengal,Kolkata,Urban,1987,IND.36_1,IND.36.11_1,31017.1206,1561.041687,0,0.007714561,0.011571842,0.003857281,0.027965284,0,0,0.00096432,0,0,0,0,0,0.905496625,0.042430087,0,0,0,0,0,0,0,0,0,0,0,0,0,0,0,0,26.91666603,30.48333359,21.23333359,1633.5,344,5,98.69612122,975,40,436,40,9.774999619,43.79629898,385.4143524,35.90000153,13.60000038,22.29999924,29.21666718,21.23333359
26,India,NCT of Delhi,NA,Urban,1984,IND.25_1,IND.25.1_1,8747.5262,2233.833252,221,0.216026711,0.387312187,0.019198664,0.006844741,0.029215359,0,0.013522538,0.001391208,0.000166945,0.006343907,0.001168614,0.001335559,0.290317195,0.005063996,0,5.56E-05,0,0,0.021869783,0,0.000166945,0,0,0,0,0,0,0,0,0,25.03333282,32.51666641,15.48333359,681,225,5,135.6216431,537,30,247,39,13.24166679,39.82617569,695.3729553,40.29999924,7.099999905,33.20000076,30.05000114,16.75
26,India,NCT of Delhi,NA,Urban,1985,IND.25_1,IND.25.1_1,8747.5262,2233.833252,221,0.216026711,0.387312187,0.019198664,0.006844741,0.029215359,0,0.013522538,0.001391208,0.000166945,0.006343907,0.001168614,0.001335559,0.290317195,0.005063996,0,5.56E-05,0,0,0.021869783,0,0.000166945,0,0,0,0,0,0,0,0,0,25.03333282,32.51666641,15.48333359,681,225,5,135.6216431,537,30,247,39,13.24166679,39.82617569,695.3729553,40.29999924,7.099999905,33.20000076,30.05000114,16.75
26,India,NCT of Delhi,NA,Urban,1986,IND.25_1,IND.25.1_1,8747.5262,2233.833252,221,0.216026711,0.387312187,0.019198664,0.006844741,0.029215359,0,0.013522538,0.001391208,0.000166945,0.006343907,0.001168614,0.001335559,0.290317195,0.005063996,0,5.56E-05,0,0,0.021869783,0,0.000166945,0,0,0,0,0,0,0,0,0,25.03333282,32.51666641,15.48333359,681,225,5,135.6216431,537,30,247,39,13.24166679,39.82617569,695.3729553,40.29999924,7.099999905,33.20000076,30.05000114,16.75
27,India,NCT of Delhi,NA,Urban,1984,IND.25_1,IND.25.1_1,8747.5262,2233.833252,221,0.216026711,0.387312187,0.019198664,0.006844741,0.029215359,0,0.013522538,0.001391208,0.000166945,0.006343907,0.001168614,0.001335559,0.290317195,0.005063996,0,5.56E-05,0,0,0.021869783,0,0.000166945,0,0,0,0,0,0,0,0,0,25.03333282,32.51666641,15.48333359,681,225,5,135.6216431,537,30,247,39,13.24166679,39.82617569,695.3729553,40.29999924,7.099999905,33.20000076,30.05000114,16.75
27,India,NCT of Delhi,NA,Urban,1985,IND.25_1,IND.25.1_1,8747.5262,2233.833252,221,0.216026711,0.387312187,0.019198664,0.006844741,0.029215359,0,0.013522538,0.001391208,0.000166945,0.006343907,0.001168614,0.001335559,0.290317195,0.005063996,0,5.56E-05,0,0,0.021869783,0,0.000166945,0,0,0,0,0,0,0,0,0,25.03333282,32.51666641,15.48333359,681,225,5,135.6216431,537,30,247,39,13.24166679,39.82617569,695.3729553,40.29999924,7.099999905,33.20000076,30.05000114,16.75
27,India,NCT of Delhi,NA,Urban,1986,IND.25_1,IND.25.1_1,8747.5262,2233.833252,221,0.216026711,0.387312187,0.019198664,0.006844741,0.029215359,0,0.013522538,0.001391208,0.000166945,0.006343907,0.001168614,0.001335559,0.290317195,0.005063996,0,5.56E-05,0,0,0.021869783,0,0.000166945,0,0,0,0,0,0,0,0,0,25.03333282,32.51666641,15.48333359,681,225,5,135.6216431,537,30,247,39,13.24166679,39.82617569,695.3729553,40.29999924,7.099999905,33.20000076,30.05000114,16.75
28,India,NCT of Delhi,NA,Urban,1984,IND.25_1,IND.25.1_1,8747.5262,2233.833252,221,0.216026711,0.387312187,0.019198664,0.006844741,0.029215359,0,0.013522538,0.001391208,0.000166945,0.006343907,0.001168614,0.001335559,0.290317195,0.005063996,0,5.56E-05,0,0,0.021869783,0,0.000166945,0,0,0,0,0,0,0,0,0,25.03333282,32.51666641,15.48333359,681,225,5,135.6216431,537,30,247,39,13.24166679,39.82617569,695.3729553,40.29999924,7.099999905,33.20000076,30.05000114,16.75
28,India,NCT of Delhi,NA,Urban,1985,IND.25_1,IND.25.1_1,8747.5262,2233.833252,221,0.216026711,0.387312187,0.019198664,0.006844741,0.029215359,0,0.013522538,0.001391208,0.000166945,0.006343907,0.001168614,0.001335559,0.290317195,0.005063996,0,5.56E-05,0,0,0.021869783,0,0.000166945,0,0,0,0,0,0,0,0,0,25.03333282,32.51666641,15.48333359,681,225,5,135.6216431,537,30,247,39,13.24166679,39.82617569,695.3729553,40.29999924,7.099999905,33.20000076,30.05000114,16.75
28,India,NCT of Delhi,NA,Urban,1986,IND.25_1,IND.25.1_1,8747.5262,2233.833252,221,0.216026711,0.387312187,0.019198664,0.006844741,0.029215359,0,0.013522538,0.001391208,0.000166945,0.006343907,0.001168614,0.001335559,0.290317195,0.005063996,0,5.56E-05,0,0,0.021869783,0,0.000166945,0,0,0,0,0,0,0,0,0,25.03333282,32.51666641,15.48333359,681,225,5,135.6216431,537,30,247,39,13.24166679,39.82617569,695.3729553,40.29999924,7.099999905,33.20000076,30.05000114,16.75
29,India,Haryana,Gurgaon,Urban,1986,IND.12_1,IND.12.5_1,659.6583215,2521.916748,259,0.366516722,0.505769607,0.015646392,0.013560206,0.068126997,0,0.013364626,0,0,0.000651933,0,0,0.004889497,0.002868505,0,0,0,0,0.008605515,0,0,0,0,0,0,0,0,0,0,0,24.89583397,32.66666794,15.01666641,605,186,4,134.5987244,480,23,228,32,14.0666666,40.34200287,720.9414673,41.20000076,6.300000191,34.79999924,29.93333244,27.81666565
30,India,Haryana,Gurgaon,Urban,1986,IND.12_1,IND.12.5_1,659.6583215,2521.916748,259,0.366516722,0.505769607,0.015646392,0.013560206,0.068126997,0,0.013364626,0,0,0.000651933,0,0,0.004889497,0.002868505,0,0,0,0,0.008605515,0,0,0,0,0,0,0,0,0,0,0,24.89583397,32.66666794,15.01666641,605,186,4,134.5987244,480,23,228,32,14.0666666,40.34200287,720.9414673,41.20000076,6.300000191,34.79999924,29.93333244,27.81666565
31,India,Uttar Pradesh,Allahabad,Rural,1991,IND.34_1,IND.34.3_1,724.5872721,2684.125,91,0.102960361,0.779695601,0.012326476,0.01593912,0.057083124,0,0.002642582,0.001070413,0.001940124,0.000167252,0,0.000518481,0,0.023465462,0,0,0,0,0.002191002,0,0,0,0,0,0,0,0,0,0,0,26.06666756,32.8833313,17.5,911,297,2,140.1611176,733,18,92,34,12.45833302,38.32815552,620.2449341,41.59999847,9,32.59999847,29.31666565,30.06666756
31,India,Uttar Pradesh,Allahabad,Rural,1992,IND.34_1,IND.34.3_1,724.5872721,2684.125,91,0.102960361,0.779695601,0.012326476,0.01593912,0.057083124,0,0.002642582,0.001070413,0.001940124,0.000167252,0,0.000518481,0,0.023465462,0,0,0,0,0.002191002,0,0,0,0,0,0,0,0,0,0,0,26.06666756,32.8833313,17.5,911,297,2,140.1611176,733,18,92,34,12.45833302,38.32815552,620.2449341,41.59999847,9,32.59999847,29.31666565,30.06666756
32,Pakistan,Punjab,Lahore,Rural,1997,PAK.7_1,PAK.7.5_1,936.7615875,2610.25,183,0.033325751,0.94233073,0.0018753,0.000995779,0.000197134,0,0.006272904,0.000672277,0.000596457,0.001956176,0,0.00018197,0.005464149,0.005777542,0,0,0.00018197,0,0,0,0,0,0,0,3.03E-05,9.60E-05,0,0,1.01E-05,3.54E-05,23.85833359,32.09999847,13.51666641,393,111,3,110.6638489,260,18,160,45,13.53333282,38.40375519,775.7366943,40.40000153,5.099999905,35.39999771,30.56666565,19.13333321
32,Pakistan,Punjab,Lahore,Rural,1998,PAK.7_1,PAK.7.5_1,936.7615875,2610.25,183,0.033325751,0.942315566,0.0018753,0.000995779,0.000197134,0,0.006267849,0.000672277,0.000596457,0.001956176,0,0.00018197,0.005484368,0.005777542,0,0,0.00018197,0,0,0,0,0,0,0,3.03E-05,9.60E-05,0,0,1.01E-05,3.54E-05,23.85833359,32.09999847,13.51666641,393,111,3,110.6638489,260,18,160,45,13.53333282,38.40375519,775.7366943,40.40000153,5.099999905,35.39999771,30.56666565,19.13333321
33,India,NCT of Delhi,NA,Urban,1994,IND.25_1,IND.25.1_1,8747.5262,2233.833252,221,0.213355593,0.384028937,0.019087368,0.006844741,0.029215359,0,0.012576516,0.001112966,0.000166945,0.006121313,0.001168614,0.001335559,0.297829716,0.005063996,0,5.56E-05,0,0,0.021869783,0,0.000166945,0,0,0,0,0,0,0,0,0,25.03333282,32.51666641,15.48333359,681,225,5,135.6216431,537,30,247,39,13.24166679,39.82617569,695.3729553,40.29999924,7.099999905,33.20000076,30.05000114,16.75
33,India,NCT of Delhi,NA,Urban,1995,IND.25_1,IND.25.1_1,8747.5262,2233.833252,221,0.211741792,0.383194213,0.018976071,0.006844741,0.029215359,0,0.012020033,0.001112966,0.000166945,0.006121313,0.001168614,0.001335559,0.300946021,0.005063996,0,5.56E-05,0,0,0.021869783,0,0.000166945,0,0,0,0,0,0,0,0,0,25.03333282,32.51666641,15.48333359,681,225,5,135.6216431,537,30,247,39,13.24166679,39.82617569,695.3729553,40.29999924,7.099999905,33.20000076,30.05000114,16.75
33,India,NCT of Delhi,NA,Urban,1996,IND.25_1,IND.25.1_1,8747.5262,2233.833252,221,0.210573178,0.382415136,0.018976071,0.006844741,0.029215359,0,0.011519199,0.001112966,0.000166945,0.006121313,0.001168614,0.001335559,0.303394546,0.005063996,0,5.56E-05,0,0,0.021869783,0,0.000166945,0,0,0,0,0,0,0,0,0,25.03333282,32.51666641,15.48333359,681,225,5,135.6216431,537,30,247,39,13.24166679,39.82617569,695.3729553,40.29999924,7.099999905,33.20000076,30.05000114,16.75
34,India,NCT of Delhi,NA,Urban,1989,IND.25_1,IND.25.1_1,8747.5262,2233.833252,221,0.216026711,0.387312187,0.019198664,0.006844741,0.029215359,0,0.013522538,0.001391208,0.000166945,0.006343907,0.001168614,0.001335559,0.290317195,0.005063996,0,5.56E-05,0,0,0.021869783,0,0.000166945,0,0,0,0,0,0,0,0,0,25.03333282,32.51666641,15.48333359,681,225,5,135.6216431,537,30,247,39,13.24166679,39.82617569,695.3729553,40.29999924,7.099999905,33.20000076,30.05000114,16.75
35,India,NCT of Delhi,NA,Urban,1989,IND.25_1,IND.25.1_1,8747.5262,2233.833252,221,0.216026711,0.387312187,0.019198664,0.006844741,0.029215359,0,0.013522538,0.001391208,0.000166945,0.006343907,0.001168614,0.001335559,0.290317195,0.005063996,0,5.56E-05,0,0,0.021869783,0,0.000166945,0,0,0,0,0,0,0,0,0,25.03333282,32.51666641,15.48333359,681,225,5,135.6216431,537,30,247,39,13.24166679,39.82617569,695.3729553,40.29999924,7.099999905,33.20000076,30.05000114,16.75
36,India,Rajasthan,Jaisalmer,Rural,1993,IND.29_1,IND.29.18_1,12.95748129,865.166687,191,0.002480097,0.007387522,0.063150118,0.110181808,0.025596883,0.676514497,0.011769465,0.030236071,0.039543029,0.009777473,0,0.020722438,3.30E-05,0.000529879,0,0,0,0.000149509,0,0,0,0,0,0,0,0,0.001928231,0,0,0,27.13333321,34.21666718,17.60000038,162,60,1,146.4603577,131,5,78,6,15.89999962,44.27223587,677.0507202,43,7.099999905,36,32.3666687,22.71666718
36,India,Rajasthan,Jaisalmer,Rural,1994,IND.29_1,IND.29.18_1,12.95748129,865.166687,191,0.002480097,0.007387522,0.063150118,0.110181808,0.025596883,0.676514497,0.011769465,0.030236071,0.039543029,0.009777473,0,0.020722438,3.30E-05,0.000529879,0,0,0,0.000149509,0,0,0,0,0,0,0,0,0.001928231,0,0,0,27.13333321,34.21666718,17.60000038,162,60,1,146.4603577,131,5,78,6,15.89999962,44.27223587,677.0507202,43,7.099999905,36,32.3666687,22.71666718
37,India,Rajasthan,Jaisalmer,Rural,1993,IND.29_1,IND.29.18_1,12.95748129,865.166687,191,0.002480097,0.007387522,0.063150118,0.110181808,0.025596883,0.676514497,0.011769465,0.030236071,0.039543029,0.009777473,0,0.020722438,3.30E-05,0.000529879,0,0,0,0.000149509,0,0,0,0,0,0,0,0,0.001928231,0,0,0,27.13333321,34.21666718,17.60000038,162,60,1,146.4603577,131,5,78,6,15.89999962,44.27223587,677.0507202,43,7.099999905,36,32.3666687,22.71666718
37,India,Rajasthan,Jaisalmer,Rural,1994,IND.29_1,IND.29.18_1,12.95748129,865.166687,191,0.002480097,0.007387522,0.063150118,0.110181808,0.025596883,0.676514497,0.011769465,0.030236071,0.039543029,0.009777473,0,0.020722438,3.30E-05,0.000529879,0,0,0,0.000149509,0,0,0,0,0,0,0,0,0.001928231,0,0,0,27.13333321,34.21666718,17.60000038,162,60,1,146.4603577,131,5,78,6,15.89999962,44.27223587,677.0507202,43,7.099999905,36,32.3666687,22.71666718
38,Afghanistan,Nangarhar,Chaparhar,Rural,1995,AFG.22_1,AFG.22.3_1,206.3718772,710.5,914,0.170781893,0.151440329,0.025102881,0.018930041,0.004115226,0.004526749,0.448971193,0.009876543,0.166255144,0,0,0,0,0,0,0,0,0,0,0,0,0,0,0,0,0,0,0,0,0,20.78333282,31.45000076,9.633333206,329,75,8,81.05023956,186,27,45,79,14.1833334,37.5769577,888.0374756,39.59999847,1.899999976,37.70000076,15.19999981,21.38333321
38,Afghanistan,Nangarhar,Chaparhar,Rural,1996,AFG.22_1,AFG.22.3_1,206.3718772,710.5,914,0.170781893,0.151440329,0.025102881,0.018930041,0.004115226,0.004526749,0.448971193,0.009876543,0.166255144,0,0,0,0,0,0,0,0,0,0,0,0,0,0,0,0,0,0,0,0,0,20.78333282,31.45000076,9.633333206,329,75,8,81.05023956,186,27,45,79,14.1833334,37.5769577,888.0374756,39.59999847,1.899999976,37.70000076,15.19999981,21.38333321
39,Myanmar,Magway,Magwe Minbu,Urban,1998,MMR.7_1,MMR.7.1_1,162.6035813,2455.75,172,0.878234699,0.010193388,0.020288245,0.007371844,0.002839459,0,0.007380801,0,0.000206018,0.010345662,0,0.000591181,0.000555352,0.012970145,0,0,0,0,0.048835105,0,1.79E-05,0,0,0,0.000134359,3.58E-05,0,0,0,0,26.92499924,30.28333282,22.5,766,135,1,84.47258377,369,8,237,12,12.04166603,46.97265625,315.2121735,39,13.39999962,25.5,27.71666718,24.64999962
39,Myanmar,Magway,Magwe Minbu,Urban,1999,MMR.7_1,MMR.7.1_1,162.6035813,2455.75,172,0.878082425,0.010247131,0.020288245,0.007174783,0.002731971,0,0.007291228,0,0.000206018,0.010354619,0,0.000635967,0.000582223,0.012970145,0,0,0,0,0.049238183,0,1.79E-05,0,0,0,0.000143317,3.58E-05,0,0,0,0,26.92499924,30.28333282,22.5,766,135,1,84.47258377,369,8,237,12,12.04166603,46.97265625,315.2121735,39,13.39999962,25.5,27.71666718,24.64999962
40,Myanmar,Mandalay,NA,Mixture/Unclear,1998,MMR.8_1,MMR.8.1_1,3977.12522,3035.333252,305,0.560078397,0.040330631,0.022869038,0.036152704,0.013137584,1.22E-05,0.003944197,4.87E-06,7.30E-06,0.01768315,0,0.082801354,0.00204027,0.016645972,0,0.000270251,0.0002386,0,0.08827697,0,2.19E-05,0,0.042159083,0.0001193,0.015930173,0.057276069,0,0,0,0,26.39583397,29.63333321,21.86666679,920,168,2,85.5855751,446,11,274,15,11.52499962,46.64351654,323.817627,37.90000153,13.10000038,24.69999886,27.40000153,24
40,Myanmar,Mandalay,NA,Mixture/Unclear,1998,MMR.8_1,MMR.8.2_1,5585.270474,3035.333252,305,0.560078397,0.040330631,0.022869038,0.036152704,0.013137584,1.22E-05,0.003944197,4.87E-06,7.30E-06,0.01768315,0,0.082801354,0.00204027,0.016645972,0,0.000270251,0.0002386,0,0.08827697,0,2.19E-05,0,0.042159083,0.0001193,0.015930173,0.057276069,0,0,0,0,26.39583397,29.63333321,21.86666679,920,168,2,85.5855751,446,11,274,15,11.52499962,46.64351654,323.817627,37.90000153,13.10000038,24.69999886,27.40000153,24
40,Myanmar,Mandalay,NA,Mixture/Unclear,1998,MMR.8_1,MMR.8.3_1,2562.806828,3035.333252,305,0.560078397,0.040330631,0.022869038,0.036152704,0.013137584,1.22E-05,0.003944197,4.87E-06,7.30E-06,0.01768315,0,0.082801354,0.00204027,0.016645972,0,0.000270251,0.0002386,0,0.08827697,0,2.19E-05,0,0.042159083,0.0001193,0.015930173,0.057276069,0,0,0,0,26.39583397,29.63333321,21.86666679,920,168,2,85.5855751,446,11,274,15,11.52499962,46.64351654,323.817627,37.90000153,13.10000038,24.69999886,27.40000153,24
40,Myanmar,Mandalay,NA,Mixture/Unclear,1998,MMR.8_1,MMR.8.4_1,2057.101792,3035.333252,305,0.560078397,0.040330631,0.022869038,0.036152704,0.013137584,1.22E-05,0.003944197,4.87E-06,7.30E-06,0.01768315,0,0.082801354,0.00204027,0.016645972,0,0.000270251,0.0002386,0,0.08827697,0,2.19E-05,0,0.042159083,0.0001193,0.015930173,0.057276069,0,0,0,0,26.39583397,29.63333321,21.86666679,920,168,2,85.5855751,446,11,274,15,11.52499962,46.64351654,323.817627,37.90000153,13.10000038,24.69999886,27.40000153,24
40,Myanmar,Mandalay,NA,Mixture/Unclear,1998,MMR.8_1,MMR.8.5_1,2559.786023,3035.333252,305,0.560078397,0.040330631,0.022869038,0.036152704,0.013137584,1.22E-05,0.003944197,4.87E-06,7.30E-06,0.01768315,0,0.082801354,0.00204027,0.016645972,0,0.000270251,0.0002386,0,0.08827697,0,2.19E-05,0,0.042159083,0.0001193,0.015930173,0.057276069,0,0,0,0,26.39583397,29.63333321,21.86666679,920,168,2,85.5855751,446,11,274,15,11.52499962,46.64351654,323.817627,37.90000153,13.10000038,24.69999886,27.40000153,24
40,Myanmar,Mandalay,NA,Mixture/Unclear,1998,MMR.8_1,MMR.8.6_1,1709.202767,3035.333252,305,0.560078397,0.040330631,0.022869038,0.036152704,0.013137584,1.22E-05,0.003944197,4.87E-06,7.30E-06,0.01768315,0,0.082801354,0.00204027,0.016645972,0,0.000270251,0.0002386,0,0.08827697,0,2.19E-05,0,0.042159083,0.0001193,0.015930173,0.057276069,0,0,0,0,26.39583397,29.63333321,21.86666679,920,168,2,85.5855751,446,11,274,15,11.52499962,46.64351654,323.817627,37.90000153,13.10000038,24.69999886,27.40000153,24
40,Myanmar,Mandalay,NA,Mixture/Unclear,1999,MMR.8_1,MMR.8.1_1,3977.12522,3035.333252,305,0.560614029,0.040449931,0.022915297,0.035634115,0.01065907,1.22E-05,0.003890634,4.87E-06,7.30E-06,0.01791688,0,0.083638887,0.00207679,0.016645972,0,0.000270251,0.000221557,0,0.087427264,0,2.19E-05,0,0.044209091,0.000121734,0.016047038,0.057215202,0,0,0,0,26.39583397,29.63333321,21.86666679,920,168,2,85.5855751,446,11,274,15,11.52499962,46.64351654,323.817627,37.90000153,13.10000038,24.69999886,27.40000153,24
40,Myanmar,Mandalay,NA,Mixture/Unclear,1999,MMR.8_1,MMR.8.2_1,5585.270474,3035.333252,305,0.560614029,0.040449931,0.022915297,0.035634115,0.01065907,1.22E-05,0.003890634,4.87E-06,7.30E-06,0.01791688,0,0.083638887,0.00207679,0.016645972,0,0.000270251,0.000221557,0,0.087427264,0,2.19E-05,0,0.044209091,0.000121734,0.016047038,0.057215202,0,0,0,0,26.39583397,29.63333321,21.86666679,920,168,2,85.5855751,446,11,274,15,11.52499962,46.64351654,323.817627,37.90000153,13.10000038,24.69999886,27.40000153,24
40,Myanmar,Mandalay,NA,Mixture/Unclear,1999,MMR.8_1,MMR.8.3_1,2562.806828,3035.333252,305,0.560614029,0.040449931,0.022915297,0.035634115,0.01065907,1.22E-05,0.003890634,4.87E-06,7.30E-06,0.01791688,0,0.083638887,0.00207679,0.016645972,0,0.000270251,0.000221557,0,0.087427264,0,2.19E-05,0,0.044209091,0.000121734,0.016047038,0.057215202,0,0,0,0,26.39583397,29.63333321,21.86666679,920,168,2,85.5855751,446,11,274,15,11.52499962,46.64351654,323.817627,37.90000153,13.10000038,24.69999886,27.40000153,24
40,Myanmar,Mandalay,NA,Mixture/Unclear,1999,MMR.8_1,MMR.8.4_1,2057.101792,3035.333252,305,0.560614029,0.040449931,0.022915297,0.035634115,0.01065907,1.22E-05,0.003890634,4.87E-06,7.30E-06,0.01791688,0,0.083638887,0.00207679,0.016645972,0,0.000270251,0.000221557,0,0.087427264,0,2.19E-05,0,0.044209091,0.000121734,0.016047038,0.057215202,0,0,0,0,26.39583397,29.63333321,21.86666679,920,168,2,85.5855751,446,11,274,15,11.52499962,46.64351654,323.817627,37.90000153,13.10000038,24.69999886,27.40000153,24
40,Myanmar,Mandalay,NA,Mixture/Unclear,1999,MMR.8_1,MMR.8.5_1,2559.786023,3035.333252,305,0.560614029,0.040449931,0.022915297,0.035634115,0.01065907,1.22E-05,0.003890634,4.87E-06,7.30E-06,0.01791688,0,0.083638887,0.00207679,0.016645972,0,0.000270251,0.000221557,0,0.087427264,0,2.19E-05,0,0.044209091,0.000121734,0.016047038,0.057215202,0,0,0,0,26.39583397,29.63333321,21.86666679,920,168,2,85.5855751,446,11,274,15,11.52499962,46.64351654,323.817627,37.90000153,13.10000038,24.69999886,27.40000153,24
40,Myanmar,Mandalay,NA,Mixture/Unclear,1999,MMR.8_1,MMR.8.6_1,1709.202767,3035.333252,305,0.560614029,0.040449931,0.022915297,0.035634115,0.01065907,1.22E-05,0.003890634,4.87E-06,7.30E-06,0.01791688,0,0.083638887,0.00207679,0.016645972,0,0.000270251,0.000221557,0,0.087427264,0,2.19E-05,0,0.044209091,0.000121734,0.016047038,0.057215202,0,0,0,0,26.39583397,29.63333321,21.86666679,920,168,2,85.5855751,446,11,274,15,11.52499962,46.64351654,323.817627,37.90000153,13.10000038,24.69999886,27.40000153,24
41,Myanmar,Sagaing,Monywa,Urban,1998,MMR.12_1,MMR.12.5_1,136.7466402,2716.625,152,0.589536069,0.05179723,0.028844754,0.024639655,0.003100297,0,0.013497426,0,6.00E-05,0.051506042,0,0.032870002,0.000316881,0.011536189,0,0.000325446,0,0,0.114231392,0,0,0,0.007202624,4.28E-05,0.061029607,0.009463614,0,0,0,0,26.61249924,30.20000076,21.46666718,890,165,1,88.65616989,438,8,293,9,11.45833302,45.20502472,357.3067169,38.29999924,12.80000019,25,27.91666603,23.48333359
41,Myanmar,Sagaing,Monywa,Urban,1999,MMR.12_1,MMR.12.5_1,136.7466402,2716.625,152,0.590135574,0.052362478,0.028904704,0.025864358,0.002629258,0,0.013497426,0,6.00E-05,0.051531735,0,0.034257427,0.000316881,0.011536189,0,0.000325446,0,0,0.110797085,0,0,0,0.007219753,4.28E-05,0.06091827,0.009600644,0,0,0,0,26.61249924,30.20000076,21.46666718,890,165,1,88.65616989,438,8,293,9,11.45833302,45.20502472,357.3067169,38.29999924,12.80000019,25,27.91666603,23.48333359
42,Myanmar,Ayeyarwady,Hinthada,Mixture/Unclear,1998,MMR.1_1,MMR.1.2_1,197.2837714,3558.375,30,0.491040252,0.193059872,0.027422841,0.018533441,0.053822442,0,0.007584769,0,5.12E-05,0.019965977,0,0.032385557,0.00482202,0.035109934,0,0,0.000473249,0,0.056265429,0,2.56E-05,0,0.005653403,2.56E-05,0.00863359,0.045124899,0,0,0,0,26.88333321,29.5,23.61666679,2192,522,2,110.8970032,1447,8,237,13,11.05000019,47.74381256,230.6414185,37.90000153,14.5,23.19999886,27.14999962,25.13333321
42,Myanmar,Ayeyarwady,Hinthada,Mixture/Unclear,1999,MMR.1_1,MMR.1.2_1,197.2837714,3558.375,30,0.490656537,0.193213358,0.027422841,0.017881125,0.049767852,0,0.007149892,0,5.12E-05,0.020004349,0,0.033332054,0.005039459,0.035109934,0,0,0.000447668,0,0.06010258,0,2.56E-05,0,0.005883632,2.56E-05,0.008825448,0.045060947,0,0,0,0,26.88333321,29.5,23.61666679,2192,522,2,110.8970032,1447,8,237,13,11.05000019,47.74381256,230.6414185,37.90000153,14.5,23.19999886,27.14999962,25.13333321
43,Myanmar,Bago,Pyay,Urban,1998,MMR.2_1,MMR.2.2_1,139.0008957,3938.083374,122,0.497166713,0.043815661,0.074054108,0.033322468,0.017488654,0.000137903,0.005979991,0,0,0.032194168,0,0.027731114,0.001002934,0.035679362,0,6.27E-05,0.000614297,0,0.20207858,0,6.27E-05,0,0.006368628,1.25E-05,0.012599353,0.009628162,0,0,0,0,26.78750038,29.68333435,22.93333244,1305,262,1,96.50601578,733,7,203,12,11.45000029,46.82377243,270.214386,38,13.39999962,24.5,27.39999962,24.68333435
43,Myanmar,Bago,Pyay,Urban,1999,MMR.2_1,MMR.2.2_1,139.0008957,3938.083374,122,0.497041346,0.043890881,0.074054108,0.029523857,0.014580147,0.000137903,0.005879698,0,0,0.032144021,0,0.02879673,0.001002934,0.035679362,0,6.27E-05,0.00060176,0,0.207469348,0,6.27E-05,0,0.006682045,2.51E-05,0.012900233,0.009465186,0,0,0,0,26.78750038,29.68333435,22.93333244,1305,262,1,96.50601578,733,7,203,12,11.45000029,46.82377243,270.214386,38,13.39999962,24.5,27.39999962,24.68333435
44,Pakistan,Punjab,Bahawalpur,Rural,1999,PAK.7_1,PAK.7.1_1,176.6869769,925.666687,122,0.034821739,0.403662585,0.000467318,0.002941686,0.00538254,0.443846384,0.010904717,0.038392722,0.045907054,0.000290445,0.000150808,0.003222822,0.000264379,0.004295234,0,0,0.002535808,3.72E-06,0.000562272,0,0,0,3.72E-06,0,0,0,0.002331007,0,0,1.30E-05,26.35416603,34.76666641,15.48333359,170,59,1,110.184021,114,7,83,19,15.92500019,42.56579208,793.2484436,42.90000153,5.400000095,37.29999924,33.09999847,21.26666641
44,Pakistan,Punjab,Bahawalpur,Rural,2000,PAK.7_1,PAK.7.1_1,176.6869769,925.666687,122,0.035177348,0.404101976,0.000467318,0.002941686,0.00347603,0.44434163,0.010968019,0.040215451,0.046865895,0.00029603,0.000150808,0.000958841,0.000277412,0.004295234,0,0,0.002535808,3.72E-06,0.000562272,0,0,0,3.72E-06,0,0,0,0.002347763,0,0,1.30E-05,26.35416603,34.76666641,15.48333359,170,59,1,110.184021,114,7,83,19,15.92500019,42.56579208,793.2484436,42.90000153,5.400000095,37.29999924,33.09999847,21.26666641
45,Pakistan,Punjab,Bahawalpur,Rural,1999,PAK.7_1,PAK.7.1_1,176.6869769,925.666687,122,0.034821739,0.403662585,0.000467318,0.002941686,0.00538254,0.443846384,0.010904717,0.038392722,0.045907054,0.000290445,0.000150808,0.003222822,0.000264379,0.004295234,0,0,0.002535808,3.72E-06,0.000562272,0,0,0,3.72E-06,0,0,0,0.002331007,0,0,1.30E-05,26.35416603,34.76666641,15.48333359,170,59,1,110.184021,114,7,83,19,15.92500019,42.56579208,793.2484436,42.90000153,5.400000095,37.29999924,33.09999847,21.26666641
45,Pakistan,Punjab,Bahawalpur,Rural,2000,PAK.7_1,PAK.7.1_1,176.6869769,925.666687,122,0.035177348,0.404101976,0.000467318,0.002941686,0.00347603,0.44434163,0.010968019,0.040215451,0.046865895,0.00029603,0.000150808,0.000958841,0.000277412,0.004295234,0,0,0.002535808,3.72E-06,0.000562272,0,0,0,3.72E-06,0,0,0,0.002347763,0,0,1.30E-05,26.35416603,34.76666641,15.48333359,170,59,1,110.184021,114,7,83,19,15.92500019,42.56579208,793.2484436,42.90000153,5.400000095,37.29999924,33.09999847,21.26666641
46,Pakistan,Punjab,Bahawalpur,Rural,1999,PAK.7_1,PAK.7.1_1,176.6869769,925.666687,122,0.034821739,0.403662585,0.000467318,0.002941686,0.00538254,0.443846384,0.010904717,0.038392722,0.045907054,0.000290445,0.000150808,0.003222822,0.000264379,0.004295234,0,0,0.002535808,3.72E-06,0.000562272,0,0,0,3.72E-06,0,0,0,0.002331007,0,0,1.30E-05,26.35416603,34.76666641,15.48333359,170,59,1,110.184021,114,7,83,19,15.92500019,42.56579208,793.2484436,42.90000153,5.400000095,37.29999924,33.09999847,21.26666641
46,Pakistan,Punjab,Bahawalpur,Rural,2000,PAK.7_1,PAK.7.1_1,176.6869769,925.666687,122,0.035177348,0.404101976,0.000467318,0.002941686,0.00347603,0.44434163,0.010968019,0.040215451,0.046865895,0.00029603,0.000150808,0.000958841,0.000277412,0.004295234,0,0,0.002535808,3.72E-06,0.000562272,0,0,0,3.72E-06,0,0,0,0.002347763,0,0,1.30E-05,26.35416603,34.76666641,15.48333359,170,59,1,110.184021,114,7,83,19,15.92500019,42.56579208,793.2484436,42.90000153,5.400000095,37.29999924,33.09999847,21.26666641
47,Pakistan,Punjab,Bahawalpur,Rural,1999,PAK.7_1,PAK.7.1_1,176.6869769,925.666687,122,0.034821739,0.403662585,0.000467318,0.002941686,0.00538254,0.443846384,0.010904717,0.038392722,0.045907054,0.000290445,0.000150808,0.003222822,0.000264379,0.004295234,0,0,0.002535808,3.72E-06,0.000562272,0,0,0,3.72E-06,0,0,0,0.002331007,0,0,1.30E-05,26.35416603,34.76666641,15.48333359,170,59,1,110.184021,114,7,83,19,15.92500019,42.56579208,793.2484436,42.90000153,5.400000095,37.29999924,33.09999847,21.26666641
47,Pakistan,Punjab,Bahawalpur,Rural,2000,PAK.7_1,PAK.7.1_1,176.6869769,925.666687,122,0.035177348,0.404101976,0.000467318,0.002941686,0.00347603,0.44434163,0.010968019,0.040215451,0.046865895,0.00029603,0.000150808,0.000958841,0.000277412,0.004295234,0,0,0.002535808,3.72E-06,0.000562272,0,0,0,3.72E-06,0,0,0,0.002347763,0,0,1.30E-05,26.35416603,34.76666641,15.48333359,170,59,1,110.184021,114,7,83,19,15.92500019,42.56579208,793.2484436,42.90000153,5.400000095,37.29999924,33.09999847,21.26666641
48,Pakistan,Punjab,Bahawalpur,Rural,1999,PAK.7_1,PAK.7.1_1,176.6869769,925.666687,122,0.034821739,0.403662585,0.000467318,0.002941686,0.00538254,0.443846384,0.010904717,0.038392722,0.045907054,0.000290445,0.000150808,0.003222822,0.000264379,0.004295234,0,0,0.002535808,3.72E-06,0.000562272,0,0,0,3.72E-06,0,0,0,0.002331007,0,0,1.30E-05,26.35416603,34.76666641,15.48333359,170,59,1,110.184021,114,7,83,19,15.92500019,42.56579208,793.2484436,42.90000153,5.400000095,37.29999924,33.09999847,21.26666641
48,Pakistan,Punjab,Bahawalpur,Rural,2000,PAK.7_1,PAK.7.1_1,176.6869769,925.666687,122,0.035177348,0.404101976,0.000467318,0.002941686,0.00347603,0.44434163,0.010968019,0.040215451,0.046865895,0.00029603,0.000150808,0.000958841,0.000277412,0.004295234,0,0,0.002535808,3.72E-06,0.000562272,0,0,0,3.72E-06,0,0,0,0.002347763,0,0,1.30E-05,26.35416603,34.76666641,15.48333359,170,59,1,110.184021,114,7,83,19,15.92500019,42.56579208,793.2484436,42.90000153,5.400000095,37.29999924,33.09999847,21.26666641
49,Pakistan,Punjab,Bahawalpur,Rural,1999,PAK.7_1,PAK.7.1_1,176.6869769,925.666687,122,0.034821739,0.403662585,0.000467318,0.002941686,0.00538254,0.443846384,0.010904717,0.038392722,0.045907054,0.000290445,0.000150808,0.003222822,0.000264379,0.004295234,0,0,0.002535808,3.72E-06,0.000562272,0,0,0,3.72E-06,0,0,0,0.002331007,0,0,1.30E-05,26.35416603,34.76666641,15.48333359,170,59,1,110.184021,114,7,83,19,15.92500019,42.56579208,793.2484436,42.90000153,5.400000095,37.29999924,33.09999847,21.26666641
49,Pakistan,Punjab,Bahawalpur,Rural,2000,PAK.7_1,PAK.7.1_1,176.6869769,925.666687,122,0.035177348,0.404101976,0.000467318,0.002941686,0.00347603,0.44434163,0.010968019,0.040215451,0.046865895,0.00029603,0.000150808,0.000958841,0.000277412,0.004295234,0,0,0.002535808,3.72E-06,0.000562272,0,0,0,3.72E-06,0,0,0,0.002347763,0,0,1.30E-05,26.35416603,34.76666641,15.48333359,170,59,1,110.184021,114,7,83,19,15.92500019,42.56579208,793.2484436,42.90000153,5.400000095,37.29999924,33.09999847,21.26666641
50,India,Uttarakhand,Dehradun,Rural,2000,IND.35_1,IND.35.5_1,401.9467178,3123.25,1067,0.08506424,0.101927195,0.074063169,0.120503212,0.006531049,0,0.021841542,0,0,0.016782655,0,0.014480728,0.002542827,0.000990364,0,0,0,0,0.183538544,0,0.034957173,0,0.042558887,0.078158458,0.216059957,0,0,0,0,0,20.86249924,27.21666718,12.75,1844,586,13,130.5910645,1389,99,718,138,11.42500019,39.24528503,601.8903198,34.70000076,5.400000095,29.20000076,25.10000038,15.51666641
50,India,Uttarakhand,Dehradun,Rural,2001,IND.35_1,IND.35.5_1,413.6072101,3123.25,1067,0.084395075,0.102328694,0.073501071,0.120476445,0.007253747,0,0.021627409,0,0,0.016782655,0,0.014480728,0.004255889,0.000990364,0,0,0,0,0.182200214,0,0.034957173,0,0.04253212,0.078158458,0.216059957,0,0,0,0,0,20.86249924,27.21666718,12.75,1844,586,13,130.5910645,1389,99,718,138,11.42500019,39.24528503,601.8903198,34.70000076,5.400000095,29.20000076,25.10000038,15.51666641
50,India,Uttarakhand,Dehradun,Rural,2002,IND.35_1,IND.35.5_1,425.3725478,3231.416748,1067,0.083752677,0.102703426,0.072858672,0.120021413,0.007012848,0,0.021627409,0,0,0.016675589,0,0.014561028,0.006771949,0.000990364,0,0,0,0,0.181316916,0,0.03482334,0,0.042478587,0.078131692,0.21627409,0,0,0,0,0,20.86249924,27.21666718,12.75,1844,586,13,130.5910645,1389,99,718,138,11.42500019,39.24528503,601.8903198,34.70000076,5.400000095,29.20000076,25.10000038,15.51666641
51,Iran,Hormozgan,Bandar-e-Abbas,Rural,2002,IRN.11_1,IRN.11.2_1,42.84061381,708,533,0.011219243,0,0,0.000505847,0.000573797,0.009248703,0,0.021109693,0.944168032,0,0,0,0.008908955,0.000392598,0.003382383,6.79E-05,0,9.06E-05,0,0,0.000181199,0,0,0,0,0,0,0.000150999,0,0,25.45416641,32.75,17.04999924,263,51,3,84.93702698,149,21,32,138,9.858333588,37.08333206,638.6948242,37.40000153,11.10000038,26.20000076,18.16666603,28.36666679
51,Iran,Hormozgan,Bandar-e-Abbas,Rural,2003,IRN.11_1,IRN.11.2_1,43.94496731,695.833313,533,0.011219243,0,0,0.000505847,0.000573797,0.009248703,0,0.017719761,0.947701414,0,0,0,0.008908955,0.000392598,0.003389933,6.79E-05,0,0.000120799,0,0,0,0,0,0,0,0,0,0.000150999,0,0,25.45416641,32.75,17.04999924,263,51,3,84.93702698,149,21,32,138,9.858333588,37.08333206,638.6948242,37.40000153,11.10000038,26.20000076,18.16666603,28.36666679
52,Iran,Hormozgan,Bandar-e-Abbas,Urban,2002,IRN.11_1,IRN.11.2_1,42.84061381,708,533,0.011219243,0,0,0.000505847,0.000573797,0.009248703,0,0.021109693,0.944168032,0,0,0,0.008908955,0.000392598,0.003382383,6.79E-05,0,9.06E-05,0,0,0.000181199,0,0,0,0,0,0,0.000150999,0,0,25.45416641,32.75,17.04999924,263,51,3,84.93702698,149,21,32,138,9.858333588,37.08333206,638.6948242,37.40000153,11.10000038,26.20000076,18.16666603,28.36666679
52,Iran,Hormozgan,Bandar-e-Abbas,Urban,2003,IRN.11_1,IRN.11.2_1,43.94496731,695.833313,533,0.011219243,0,0,0.000505847,0.000573797,0.009248703,0,0.017719761,0.947701414,0,0,0,0.008908955,0.000392598,0.003389933,6.79E-05,0,0.000120799,0,0,0,0,0,0,0,0,0,0.000150999,0,0,25.45416641,32.75,17.04999924,263,51,3,84.93702698,149,21,32,138,9.858333588,37.08333206,638.6948242,37.40000153,11.10000038,26.20000076,18.16666603,28.36666679
53,Iran,Sistan and Baluchestan,NA,Rural,2007,IRN.26_1,IRN.26.1_1,107.2562605,470.5833435,990,0.0025279,0.005645531,6.99E-05,0.000183812,0.000149348,0.000870237,0.009131745,0.008202152,0.951548668,0.009237533,0,0.000243647,0.000730942,0.000622282,0,0,0.000433682,0.003139651,1.44E-06,0,0.000113925,0,0,3.83E-06,0.000124456,0,0.007019338,0,0,0,23.00416756,31.75,12.9333334,116,26,1,85.95030212,70,6,10,60,14.02499962,41.36573792,777.1318359,38.40000153,5.099999905,34.20000076,14.69999981,27.08333397
53,Iran,Sistan and Baluchestan,NA,Rural,2007,IRN.26_1,IRN.26.2_1,42.69184576,470.5833435,990,0.0025279,0.005645531,6.99E-05,0.000183812,0.000149348,0.000870237,0.009131745,0.008202152,0.951548668,0.009237533,0,0.000243647,0.000730942,0.000622282,0,0,0.000433682,0.003139651,1.44E-06,0,0.000113925,0,0,3.83E-06,0.000124456,0,0.007019338,0,0,0,23.00416756,31.75,12.9333334,116,26,1,85.95030212,70,6,10,60,14.02499962,41.36573792,777.1318359,38.40000153,5.099999905,34.20000076,14.69999981,27.08333397
53,Iran,Sistan and Baluchestan,NA,Rural,2007,IRN.26_1,IRN.26.3_1,123.9480572,470.5833435,990,0.0025279,0.005645531,6.99E-05,0.000183812,0.000149348,0.000870237,0.009131745,0.008202152,0.951548668,0.009237533,0,0.000243647,0.000730942,0.000622282,0,0,0.000433682,0.003139651,1.44E-06,0,0.000113925,0,0,3.83E-06,0.000124456,0,0.007019338,0,0,0,23.00416756,31.75,12.9333334,116,26,1,85.95030212,70,6,10,60,14.02499962,41.36573792,777.1318359,38.40000153,5.099999905,34.20000076,14.69999981,27.08333397
53,Iran,Sistan and Baluchestan,NA,Rural,2007,IRN.26_1,IRN.26.4_1,615.3755734,470.5833435,990,0.0025279,0.005645531,6.99E-05,0.000183812,0.000149348,0.000870237,0.009131745,0.008202152,0.951548668,0.009237533,0,0.000243647,0.000730942,0.000622282,0,0,0.000433682,0.003139651,1.44E-06,0,0.000113925,0,0,3.83E-06,0.000124456,0,0.007019338,0,0,0,23.00416756,31.75,12.9333334,116,26,1,85.95030212,70,6,10,60,14.02499962,41.36573792,777.1318359,38.40000153,5.099999905,34.20000076,14.69999981,27.08333397
53,Iran,Sistan and Baluchestan,NA,Rural,2007,IRN.26_1,IRN.26.5_1,127.3701568,470.5833435,990,0.0025279,0.005645531,6.99E-05,0.000183812,0.000149348,0.000870237,0.009131745,0.008202152,0.951548668,0.009237533,0,0.000243647,0.000730942,0.000622282,0,0,0.000433682,0.003139651,1.44E-06,0,0.000113925,0,0,3.83E-06,0.000124456,0,0.007019338,0,0,0,23.00416756,31.75,12.9333334,116,26,1,85.95030212,70,6,10,60,14.02499962,41.36573792,777.1318359,38.40000153,5.099999905,34.20000076,14.69999981,27.08333397
53,Iran,Sistan and Baluchestan,NA,Rural,2007,IRN.26_1,IRN.26.6_1,350.9278322,470.5833435,990,0.0025279,0.005645531,6.99E-05,0.000183812,0.000149348,0.000870237,0.009131745,0.008202152,0.951548668,0.009237533,0,0.000243647,0.000730942,0.000622282,0,0,0.000433682,0.003139651,1.44E-06,0,0.000113925,0,0,3.83E-06,0.000124456,0,0.007019338,0,0,0,23.00416756,31.75,12.9333334,116,26,1,85.95030212,70,6,10,60,14.02499962,41.36573792,777.1318359,38.40000153,5.099999905,34.20000076,14.69999981,27.08333397
53,Iran,Sistan and Baluchestan,NA,Rural,2007,IRN.26_1,IRN.26.7_1,69.65469236,470.5833435,990,0.0025279,0.005645531,6.99E-05,0.000183812,0.000149348,0.000870237,0.009131745,0.008202152,0.951548668,0.009237533,0,0.000243647,0.000730942,0.000622282,0,0,0.000433682,0.003139651,1.44E-06,0,0.000113925,0,0,3.83E-06,0.000124456,0,0.007019338,0,0,0,23.00416756,31.75,12.9333334,116,26,1,85.95030212,70,6,10,60,14.02499962,41.36573792,777.1318359,38.40000153,5.099999905,34.20000076,14.69999981,27.08333397
53,Iran,Sistan and Baluchestan,NA,Rural,2008,IRN.26_1,IRN.26.1_1,106.1617215,464.1666565,990,0.00253508,0.005662764,6.99E-05,0.000183812,0.000143603,0.000870237,0.009110683,0.008229436,0.951527127,0.009253329,0,0.000243647,0.000735728,0.00059739,0,0,0.000433682,0.003139651,1.44E-06,0,0.000115361,0,0,3.83E-06,0.000124456,0,0.007018859,0,0,0,23.00416756,31.75,12.9333334,116,26,1,85.95030212,70,6,10,60,14.02499962,41.36573792,777.1318359,38.40000153,5.099999905,34.20000076,14.69999981,27.08333397
53,Iran,Sistan and Baluchestan,NA,Rural,2008,IRN.26_1,IRN.26.2_1,42.25617992,464.1666565,990,0.00253508,0.005662764,6.99E-05,0.000183812,0.000143603,0.000870237,0.009110683,0.008229436,0.951527127,0.009253329,0,0.000243647,0.000735728,0.00059739,0,0,0.000433682,0.003139651,1.44E-06,0,0.000115361,0,0,3.83E-06,0.000124456,0,0.007018859,0,0,0,23.00416756,31.75,12.9333334,116,26,1,85.95030212,70,6,10,60,14.02499962,41.36573792,777.1318359,38.40000153,5.099999905,34.20000076,14.69999981,27.08333397
53,Iran,Sistan and Baluchestan,NA,Rural,2008,IRN.26_1,IRN.26.3_1,122.6831801,464.1666565,990,0.00253508,0.005662764,6.99E-05,0.000183812,0.000143603,0.000870237,0.009110683,0.008229436,0.951527127,0.009253329,0,0.000243647,0.000735728,0.00059739,0,0,0.000433682,0.003139651,1.44E-06,0,0.000115361,0,0,3.83E-06,0.000124456,0,0.007018859,0,0,0,23.00416756,31.75,12.9333334,116,26,1,85.95030212,70,6,10,60,14.02499962,41.36573792,777.1318359,38.40000153,5.099999905,34.20000076,14.69999981,27.08333397
53,Iran,Sistan and Baluchestan,NA,Rural,2008,IRN.26_1,IRN.26.4_1,609.0957298,464.1666565,990,0.00253508,0.005662764,6.99E-05,0.000183812,0.000143603,0.000870237,0.009110683,0.008229436,0.951527127,0.009253329,0,0.000243647,0.000735728,0.00059739,0,0,0.000433682,0.003139651,1.44E-06,0,0.000115361,0,0,3.83E-06,0.000124456,0,0.007018859,0,0,0,23.00416756,31.75,12.9333334,116,26,1,85.95030212,70,6,10,60,14.02499962,41.36573792,777.1318359,38.40000153,5.099999905,34.20000076,14.69999981,27.08333397
53,Iran,Sistan and Baluchestan,NA,Rural,2008,IRN.26_1,IRN.26.5_1,126.0703576,464.1666565,990,0.00253508,0.005662764,6.99E-05,0.000183812,0.000143603,0.000870237,0.009110683,0.008229436,0.951527127,0.009253329,0,0.000243647,0.000735728,0.00059739,0,0,0.000433682,0.003139651,1.44E-06,0,0.000115361,0,0,3.83E-06,0.000124456,0,0.007018859,0,0,0,23.00416756,31.75,12.9333334,116,26,1,85.95030212,70,6,10,60,14.02499962,41.36573792,777.1318359,38.40000153,5.099999905,34.20000076,14.69999981,27.08333397
53,Iran,Sistan and Baluchestan,NA,Rural,2008,IRN.26_1,IRN.26.6_1,347.3466502,464.1666565,990,0.00253508,0.005662764,6.99E-05,0.000183812,0.000143603,0.000870237,0.009110683,0.008229436,0.951527127,0.009253329,0,0.000243647,0.000735728,0.00059739,0,0,0.000433682,0.003139651,1.44E-06,0,0.000115361,0,0,3.83E-06,0.000124456,0,0.007018859,0,0,0,23.00416756,31.75,12.9333334,116,26,1,85.95030212,70,6,10,60,14.02499962,41.36573792,777.1318359,38.40000153,5.099999905,34.20000076,14.69999981,27.08333397
53,Iran,Sistan and Baluchestan,NA,Rural,2008,IRN.26_1,IRN.26.7_1,68.94387348,464.1666565,990,0.00253508,0.005662764,6.99E-05,0.000183812,0.000143603,0.000870237,0.009110683,0.008229436,0.951527127,0.009253329,0,0.000243647,0.000735728,0.00059739,0,0,0.000433682,0.003139651,1.44E-06,0,0.000115361,0,0,3.83E-06,0.000124456,0,0.007018859,0,0,0,23.00416756,31.75,12.9333334,116,26,1,85.95030212,70,6,10,60,14.02499962,41.36573792,777.1318359,38.40000153,5.099999905,34.20000076,14.69999981,27.08333397
54,Saudi Arabia,Al Madinah,NA,Rural,2004,SAU.5_1,NA,10.48409698,513,884,0.000284476,0.000106603,0.000349755,1.44E-05,0.000628242,2.28E-05,0,0.071915431,0.915879667,0.007069967,0,0.000119779,0.001190006,0.000418628,0,3.59E-06,2.93E-05,0.000443782,0,0,3.83E-05,0,0,0,0,0,0.001485262,0,0,0,25.76666641,33.01666641,17.08333397,88,19,0,76.49506378,40,3,3,22,14.46666622,45.41103363,664.4700317,40.59999847,9.199999809,31.59999847,24.44999886,32.96666718
54,Saudi Arabia,Al Madinah,NA,Rural,2005,SAU.5_1,NA,10.77535907,514.25,884,0.000281481,0.000108999,0.000349755,1.44E-05,0.000631236,2.28E-05,0,0.071941184,0.915938359,0.007072363,0,5.09E-05,0.001207374,0.000418628,0,3.59E-06,2.93E-05,0.000443782,0,0,5.99E-07,0,0,0,0,0,0.001485262,0,0,0,25.76666641,33.01666641,17.08333397,88,19,0,76.49506378,40,3,3,22,14.46666622,45.41103363,664.4700317,40.59999847,9.199999809,31.59999847,24.44999886,32.96666718
54,Saudi Arabia,Al Madinah,NA,Rural,2006,SAU.5_1,NA,11.07251311,506.4166565,884,0.000277888,0.000108999,0.000349755,1.44E-05,0.000632434,2.28E-05,0,0.071718394,0.916143182,0.007070566,0,4.37E-05,0.001233127,0.000425216,0,3.59E-06,2.93E-05,0.000443782,0,0,0,0,0,0,0,0,0.001482866,0,0,0,25.76666641,33.01666641,17.08333397,88,19,0,76.49506378,40,3,3,22,14.46666622,45.41103363,664.4700317,40.59999847,9.199999809,31.59999847,24.44999886,32.96666718
55,Iran,Hormozgan,Bandar-e-Jask,Rural,2009,IRN.11_1,IRN.11.3_1,5.563227431,444.4583435,305,0.000237886,0,0,0,0,0.000364758,0,0,0.986583248,0.000451983,0,0,0,0.012338337,0,7.93E-06,0,1.59E-05,0,0,0,0,0,0,0,0,0,0,0,0,26.79166603,31.96666718,20.5,180,33,2,73.35797882,94,15,30,94,7.93333292,37.43654633,483.9014282,36.20000076,15.10000038,21.19999886,20.58333397,30.23333359
55,Iran,Hormozgan,Bandar-e-Jask,Rural,2010,IRN.11_1,IRN.11.3_1,5.130582795,454.4583282,305,0.000237886,0,0,0,0,0.000364758,0,0,0.986583248,0.000451983,0,0,0,0.012338337,0,7.93E-06,0,1.59E-05,0,0,0,0,0,0,0,0,0,0,0,0,26.79166603,31.96666718,20.5,180,33,2,73.35797882,94,15,30,94,7.93333292,37.43654633,483.9014282,36.20000076,15.10000038,21.19999886,20.58333397,30.23333359
56,Iran,Khuzestan,Izeh County,Rural,2011,IRN.15_1,IRN.15.9_1,48.69273686,1290,1828.5,0.180644673,0,0.065640793,0.054378892,0.043968732,0.00217667,0.002119887,0.264910189,0.273219389,0.018075824,0,0.000927451,0.001854901,0.01413889,0.067893173,0,0,0.009690913,0,0,0.000359624,0,0,0,0,0,0,0,0,0,20.28750038,31.04999924,8.699999809,363,81,0,101.6721649,213,1,1,213,13.99166679,36.40808868,923.6795654,40.29999924,2.200000048,38.5,8.699999809,31.04166603
56,Iran,Khuzestan,Izeh County,Rural,2012,IRN.15_1,IRN.15.9_1,48.43252029,1366.416626,1828.5,0.1812125,0,0.065848996,0.054378892,0.043968732,0.00217667,0.002157742,0.26458842,0.272102663,0.018738289,0,0.000927451,0.002006322,0.01406318,0.067779607,0,0,0.009690913,0,0,0.000359624,0,0,0,0,0,0,0,0,0,20.28750038,31.04999924,8.699999809,363,81,0,101.6721649,213,1,1,213,13.99166679,36.40808868,923.6795654,40.29999924,2.200000048,38.5,8.699999809,31.04166603
57,Iran,Khuzestan,Izeh County,Rural,2011,IRN.15_1,IRN.15.9_1,48.69273686,1290,1828.5,0.180644673,0,0.065640793,0.054378892,0.043968732,0.00217667,0.002119887,0.264910189,0.273219389,0.018075824,0,0.000927451,0.001854901,0.01413889,0.067893173,0,0,0.009690913,0,0,0.000359624,0,0,0,0,0,0,0,0,0,20.28750038,31.04999924,8.699999809,363,81,0,101.6721649,213,1,1,213,13.99166679,36.40808868,923.6795654,40.29999924,2.200000048,38.5,8.699999809,31.04166603
57,Iran,Khuzestan,Izeh County,Rural,2012,IRN.15_1,IRN.15.9_1,48.43252029,1366.416626,1828.5,0.1812125,0,0.065848996,0.054378892,0.043968732,0.00217667,0.002157742,0.26458842,0.272102663,0.018738289,0,0.000927451,0.002006322,0.01406318,0.067779607,0,0,0.009690913,0,0,0.000359624,0,0,0,0,0,0,0,0,0,20.28750038,31.04999924,8.699999809,363,81,0,101.6721649,213,1,1,213,13.99166679,36.40808868,923.6795654,40.29999924,2.200000048,38.5,8.699999809,31.04166603
58,Iran,Khuzestan,Izeh County,Rural,2011,IRN.15_1,IRN.15.9_1,48.69273686,1290,1828.5,0.180644673,0,0.065640793,0.054378892,0.043968732,0.00217667,0.002119887,0.264910189,0.273219389,0.018075824,0,0.000927451,0.001854901,0.01413889,0.067893173,0,0,0.009690913,0,0,0.000359624,0,0,0,0,0,0,0,0,0,20.28750038,31.04999924,8.699999809,363,81,0,101.6721649,213,1,1,213,13.99166679,36.40808868,923.6795654,40.29999924,2.200000048,38.5,8.699999809,31.04166603
58,Iran,Khuzestan,Izeh County,Rural,2012,IRN.15_1,IRN.15.9_1,48.43252029,1366.416626,1828.5,0.1812125,0,0.065848996,0.054378892,0.043968732,0.00217667,0.002157742,0.26458842,0.272102663,0.018738289,0,0.000927451,0.002006322,0.01406318,0.067779607,0,0,0.009690913,0,0,0.000359624,0,0,0,0,0,0,0,0,0,20.28750038,31.04999924,8.699999809,363,81,0,101.6721649,213,1,1,213,13.99166679,36.40808868,923.6795654,40.29999924,2.200000048,38.5,8.699999809,31.04166603
59,Iran,Khuzestan,Izeh County,Rural,2011,IRN.15_1,IRN.15.9_1,48.69273686,1290,1828.5,0.180644673,0,0.065640793,0.054378892,0.043968732,0.00217667,0.002119887,0.264910189,0.273219389,0.018075824,0,0.000927451,0.001854901,0.01413889,0.067893173,0,0,0.009690913,0,0,0.000359624,0,0,0,0,0,0,0,0,0,20.28750038,31.04999924,8.699999809,363,81,0,101.6721649,213,1,1,213,13.99166679,36.40808868,923.6795654,40.29999924,2.200000048,38.5,8.699999809,31.04166603
59,Iran,Khuzestan,Izeh County,Rural,2012,IRN.15_1,IRN.15.9_1,48.43252029,1366.416626,1828.5,0.1812125,0,0.065848996,0.054378892,0.043968732,0.00217667,0.002157742,0.26458842,0.272102663,0.018738289,0,0.000927451,0.002006322,0.01406318,0.067779607,0,0,0.009690913,0,0,0.000359624,0,0,0,0,0,0,0,0,0,20.28750038,31.04999924,8.699999809,363,81,0,101.6721649,213,1,1,213,13.99166679,36.40808868,923.6795654,40.29999924,2.200000048,38.5,8.699999809,31.04166603
60,Iran,Khuzestan,Izeh County,Rural,2011,IRN.15_1,IRN.15.9_1,48.69273686,1290,1828.5,0.180644673,0,0.065640793,0.054378892,0.043968732,0.00217667,0.002119887,0.264910189,0.273219389,0.018075824,0,0.000927451,0.001854901,0.01413889,0.067893173,0,0,0.009690913,0,0,0.000359624,0,0,0,0,0,0,0,0,0,20.28750038,31.04999924,8.699999809,363,81,0,101.6721649,213,1,1,213,13.99166679,36.40808868,923.6795654,40.29999924,2.200000048,38.5,8.699999809,31.04166603
60,Iran,Khuzestan,Izeh County,Rural,2012,IRN.15_1,IRN.15.9_1,48.43252029,1366.416626,1828.5,0.1812125,0,0.065848996,0.054378892,0.043968732,0.00217667,0.002157742,0.26458842,0.272102663,0.018738289,0,0.000927451,0.002006322,0.01406318,0.067779607,0,0,0.009690913,0,0,0.000359624,0,0,0,0,0,0,0,0,0,20.28750038,31.04999924,8.699999809,363,81,0,101.6721649,213,1,1,213,13.99166679,36.40808868,923.6795654,40.29999924,2.200000048,38.5,8.699999809,31.04166603
61,India,Goa,NA,Urban,2013,IND.10_1,IND.10.1_1,864.2951096,3810.5,91,0.041632552,0.023322168,0.083513212,0.188264483,0.00243146,0,0.021957574,0,0,0.004317082,0.02215606,0.218955465,0.035231361,0.033469793,0,0.006450813,0.004664434,0,0.064905099,0,0.001240541,0,0.171318695,4.96E-05,0.058752016,0.017367572,0,0,0,0,26.77916718,28.70000076,25.53333282,3111,1078,0,144.8424225,2544,1,111,12,8.616666794,58.91719818,132.2896881,33.59999847,18.79999924,14.70000076,26.31666565,26.18333435
61,India,Goa,NA,Urban,2013,IND.10_1,IND.10.2_1,741.0891108,3810.5,91,0.041632552,0.023322168,0.083513212,0.188264483,0.00243146,0,0.021957574,0,0,0.004317082,0.02215606,0.218955465,0.035231361,0.033469793,0,0.006450813,0.004664434,0,0.064905099,0,0.001240541,0,0.171318695,4.96E-05,0.058752016,0.017367572,0,0,0,0,26.77916718,28.70000076,25.53333282,3111,1078,0,144.8424225,2544,1,111,12,8.616666794,58.91719818,132.2896881,33.59999847,18.79999924,14.70000076,26.31666565,26.18333435
61,India,Goa,NA,Urban,2014,IND.10_1,IND.10.1_1,872.2913809,4002.083252,91,0.041235579,0.022999628,0.082024563,0.184766158,0.000496216,0,0.021709465,0,0,0.004267461,0.021337303,0.221362114,0.039374767,0.033866766,0,0.006500434,0.004714055,0,0.066592234,0,0.001190919,0,0.171120208,4.96E-05,0.059024935,0.017367572,0,0,0,0,26.77916718,28.70000076,25.53333282,3111,1078,0,144.8424225,2544,1,111,12,8.616666794,58.91719818,132.2896881,33.59999847,18.79999924,14.70000076,26.31666565,26.18333435
61,India,Goa,NA,Urban,2014,IND.10_1,IND.10.2_1,747.9455068,4002.083252,91,0.041235579,0.022999628,0.082024563,0.184766158,0.000496216,0,0.021709465,0,0,0.004267461,0.021337303,0.221362114,0.039374767,0.033866766,0,0.006500434,0.004714055,0,0.066592234,0,0.001190919,0,0.171120208,4.96E-05,0.059024935,0.017367572,0,0,0,0,26.77916718,28.70000076,25.53333282,3111,1078,0,144.8424225,2544,1,111,12,8.616666794,58.91719818,132.2896881,33.59999847,18.79999924,14.70000076,26.31666565,26.18333435
61,India,Goa,NA,Urban,2015,IND.10_1,IND.10.1_1,880.7644944,4105,91,0.040863416,0.022850763,0.080238184,0.182557995,0.000496216,0,0.021684655,0,0,0.004267461,0.021312492,0.221213249,0.04431212,0.033742712,0,0.006500434,0.004689245,0,0.066567423,0,0.001190919,0,0.171120208,4.96E-05,0.058975313,0.017367572,0,0,0,0,26.77916718,28.70000076,25.53333282,3111,1078,0,144.8424225,2544,1,111,12,8.616666794,58.91719818,132.2896881,33.59999847,18.79999924,14.70000076,26.31666565,26.18333435
61,India,Goa,NA,Urban,2015,IND.10_1,IND.10.2_1,755.2107708,4105,91,0.040863416,0.022850763,0.080238184,0.182557995,0.000496216,0,0.021684655,0,0,0.004267461,0.021312492,0.221213249,0.04431212,0.033742712,0,0.006500434,0.004689245,0,0.066567423,0,0.001190919,0,0.171120208,4.96E-05,0.058975313,0.017367572,0,0,0,0,26.77916718,28.70000076,25.53333282,3111,1078,0,144.8424225,2544,1,111,12,8.616666794,58.91719818,132.2896881,33.59999847,18.79999924,14.70000076,26.31666565,26.18333435
62,Afghanistan,Nangarhar,Jalal abad,Mixture/Unclear,2008,AFG.22_1,AFG.22.9_1,1444.850513,1223.833374,914,0.10292729,0.224740321,0.003305005,0.004721435,0.361189802,0.003777148,0.153918791,0.002360718,0.055240793,0.012275732,0.000944287,0.000944287,0.072710104,0.000944287,0,0,0,0,0,0,0,0,0,0,0,0,0,0,0,0,21.62916756,32.31666565,10.5,257,60,5,87.37464142,152,22,24,70,13.89166737,37.13528061,890.6313477,40.40000153,3,37.40000153,16.14999962,27.33333397
62,Afghanistan,Nangarhar,Jalal abad,Mixture/Unclear,2009,AFG.22_1,AFG.22.9_1,1443.003217,1435.083374,914,0.102455146,0.224740321,0.003305005,0.004721435,0.361189802,0.003777148,0.153918791,0.002360718,0.055240793,0.012275732,0.000944287,0.000944287,0.073182247,0.000944287,0,0,0,0,0,0,0,0,0,0,0,0,0,0,0,0,21.62916756,32.31666565,10.5,257,60,5,87.37464142,152,22,24,70,13.89166737,37.13528061,890.6313477,40.40000153,3,37.40000153,16.14999962,27.33333397
63,Iran,Hormozgan,Bandar-e-Jask,Rural,2013,IRN.11_1,IRN.11.3_1,4.291160653,450.0416718,305,0.000237886,0,0,0,0,0.000364758,0,0,0.986527741,0.000451983,0,0,0,0.012393844,0,7.93E-06,0,1.59E-05,0,0,0,0,0,0,0,0,0,0,0,0,26.79166603,31.96666718,20.5,180,33,2,73.35797882,94,15,30,94,7.93333292,37.43654633,483.9014282,36.20000076,15.10000038,21.19999886,20.58333397,30.23333359
63,Iran,Hormozgan,Bandar-e-Jask,Rural,2014,IRN.11_1,IRN.11.3_1,4.003920168,493.9583435,305,0.000237886,0,0,0,0,0.000364758,0,0,0.986281926,0.000594714,0,0,0,0.012496927,0,7.93E-06,0,1.59E-05,0,0,0,0,0,0,0,0,0,0,0,0,26.79166603,31.96666718,20.5,180,33,2,73.35797882,94,15,30,94,7.93333292,37.43654633,483.9014282,36.20000076,15.10000038,21.19999886,20.58333397,30.23333359
64,Iran,Hormozgan,Bandar-e-Jask,Rural,2013,IRN.11_1,IRN.11.3_1,4.291160653,450.0416718,305,0.000237886,0,0,0,0,0.000364758,0,0,0.986527741,0.000451983,0,0,0,0.012393844,0,7.93E-06,0,1.59E-05,0,0,0,0,0,0,0,0,0,0,0,0,26.79166603,31.96666718,20.5,180,33,2,73.35797882,94,15,30,94,7.93333292,37.43654633,483.9014282,36.20000076,15.10000038,21.19999886,20.58333397,30.23333359
64,Iran,Hormozgan,Bandar-e-Jask,Rural,2014,IRN.11_1,IRN.11.3_1,4.003920168,493.9583435,305,0.000237886,0,0,0,0,0.000364758,0,0,0.986281926,0.000594714,0,0,0,0.012496927,0,7.93E-06,0,1.59E-05,0,0,0,0,0,0,0,0,0,0,0,0,26.79166603,31.96666718,20.5,180,33,2,73.35797882,94,15,30,94,7.93333292,37.43654633,483.9014282,36.20000076,15.10000038,21.19999886,20.58333397,30.23333359
65,Iran,Hormozgan,Bandar-e-Jask,Rural,2013,IRN.11_1,IRN.11.3_1,4.291160653,450.0416718,305,0.000237886,0,0,0,0,0.000364758,0,0,0.986527741,0.000451983,0,0,0,0.012393844,0,7.93E-06,0,1.59E-05,0,0,0,0,0,0,0,0,0,0,0,0,26.79166603,31.96666718,20.5,180,33,2,73.35797882,94,15,30,94,7.93333292,37.43654633,483.9014282,36.20000076,15.10000038,21.19999886,20.58333397,30.23333359
65,Iran,Hormozgan,Bandar-e-Jask,Rural,2014,IRN.11_1,IRN.11.3_1,4.003920168,493.9583435,305,0.000237886,0,0,0,0,0.000364758,0,0,0.986281926,0.000594714,0,0,0,0.012496927,0,7.93E-06,0,1.59E-05,0,0,0,0,0,0,0,0,0,0,0,0,26.79166603,31.96666718,20.5,180,33,2,73.35797882,94,15,30,94,7.93333292,37.43654633,483.9014282,36.20000076,15.10000038,21.19999886,20.58333397,30.23333359
66,India,Haryana,Mewat,Rural,2015,IND.12_1,IND.12.13_1,729.0359298,2727.125,244,0.560863574,0.330443271,0.003272853,0.000803859,0.02692926,0,0.002813505,0,0,0,0,0.047370234,0.011713367,0,0,0,0,0,0.015790078,0,0,0,0,0,0,0,0,0,0,0,25.20833397,32.88333511,15.44999981,586,192,2,141.75914,482,15,209,26,14,40.46934891,708.8128662,41.40000153,6.800000191,34.70000076,29.91666603,28.48333359
67,India,Tamil Nadu,Chennai,Urban,2014,IND.31_1,IND.31.2_1,22672.76357,2100.083252,15,0.021316911,0.021790621,0.006631928,0.007579346,0,0,0,0,0,0.000947418,0,0.009000474,0.916153482,0.011369019,0,0.000947418,0,0,0,0,0,0,0.004263382,0,0,0,0,0,0,0,28.90833282,31.95000076,25.58333397,1247,337,4,98.74460602,730,24,115,502,8.966667175,52.63157654,262.9033813,37.79999924,20.79999924,17.00000191,26.70000076,28.63333321
68,Iran,Hormozgan,Bandar-e-Jask,Rural,2016,IRN.11_1,IRN.11.3_1,3.533731166,434.5416718,305,0.000237886,0,0,0,0,0.000364758,0,0,0.986194701,0.000681939,0,0,0,0.012496927,0,7.93E-06,0,1.59E-05,0,0,0,0,0,0,0,0,0,0,0,0,26.79166603,31.96666718,20.5,180,33,2,73.35797882,94,15,30,94,7.93333292,37.43654633,483.9014282,36.20000076,15.10000038,21.19999886,20.58333397,30.23333359
68,Iran,Hormozgan,Bandar-e-Jask,Rural,2017,IRN.11_1,IRN.11.3_1,3.335765199,468.75,305,0.000237886,0,0,0,0,0.000364758,0,0,0.986194701,0.000681939,0,0,0,0.012496927,0,7.93E-06,0,1.59E-05,0,0,0,0,0,0,0,0,0,0,0,0,26.79166603,31.96666718,20.5,180,33,2,73.35797882,94,15,30,94,7.93333292,37.43654633,483.9014282,36.20000076,15.10000038,21.19999886,20.58333397,30.23333359
69,Iran,Hormozgan,Bandar-e-Jask,Rural,2016,IRN.11_1,IRN.11.3_1,3.533731166,434.5416718,305,0.000237886,0,0,0,0,0.000364758,0,0,0.986194701,0.000681939,0,0,0,0.012496927,0,7.93E-06,0,1.59E-05,0,0,0,0,0,0,0,0,0,0,0,0,26.79166603,31.96666718,20.5,180,33,2,73.35797882,94,15,30,94,7.93333292,37.43654633,483.9014282,36.20000076,15.10000038,21.19999886,20.58333397,30.23333359
69,Iran,Hormozgan,Bandar-e-Jask,Rural,2017,IRN.11_1,IRN.11.3_1,3.335765199,468.75,305,0.000237886,0,0,0,0,0.000364758,0,0,0.986194701,0.000681939,0,0,0,0.012496927,0,7.93E-06,0,1.59E-05,0,0,0,0,0,0,0,0,0,0,0,0,26.79166603,31.96666718,20.5,180,33,2,73.35797882,94,15,30,94,7.93333292,37.43654633,483.9014282,36.20000076,15.10000038,21.19999886,20.58333397,30.23333359
70,Djibouti,Djibouti,Djibouti,Urban,2013,DJI.3_1,DJI.3.1_1,669.2217901,583.166687,68.5,0,0,0,0,0,0,0.03225033,0.002997243,0.838628462,0,0,0,0.022659154,0.005035367,0.006713823,0.000359669,0.013187867,0.078168085,0,0,0,0,0,0,0,0,0,0,0,0,29.47083282,34.86666489,24.86666679,160,22,1,50.21047211,60,14,18,48,7.658333778,40.270504,406.7859497,40,21.29999924,18.90000153,26.78333282,33.58333206
70,Djibouti,Djibouti,Djibouti,Urban,2014,DJI.3_1,DJI.3.1_1,683.9416756,496.5,68.5,0,0,0,0,0,0,0.031650881,0.002997243,0.838508572,0,0,0,0.023378492,0.005035367,0.006713823,0.000359669,0.013187867,0.078168085,0,0,0,0,0,0,0,0,0,0,0,0,29.47083282,34.86666489,24.86666679,160,22,1,50.21047211,60,14,18,48,7.658333778,40.270504,406.7859497,40,21.29999924,18.90000153,26.78333282,33.58333206
70,Djibouti,Djibouti,Djibouti,Urban,2015,DJI.3_1,DJI.3.1_1,701.9486562,487.75,68.5,0,0,0,0,0,0,0.030691764,0.002997243,0.838268793,0,0,0,0.024937058,0.004795588,0.006593934,0.000359669,0.013187867,0.078168085,0,0,0,0,0,0,0,0,0,0,0,0,29.47083282,34.86666489,24.86666679,160,22,1,50.21047211,60,14,18,48,7.658333778,40.270504,406.7859497,40,21.29999924,18.90000153,26.78333282,33.58333206
70,Djibouti,Djibouti,Djibouti,Urban,2016,DJI.3_1,DJI.3.1_1,716.1926765,474,68.5,0,0,0,0,0,0,0.030691764,0.002997243,0.838268793,0,0,0,0.024937058,0.004795588,0.006593934,0.000359669,0.013187867,0.078168085,0,0,0,0,0,0,0,0,0,0,0,0,29.47083282,34.86666489,24.86666679,160,22,1,50.21047211,60,14,18,48,7.658333778,40.270504,406.7859497,40,21.29999924,18.90000153,26.78333282,33.58333206
70,Djibouti,Djibouti,Djibouti,Urban,2017,DJI.3_1,DJI.3.1_1,733.8600351,504.9166565,68.5,0,0,0,0,0,0,0.030691764,0.002997243,0.838268793,0,0,0,0.024937058,0.004795588,0.006593934,0.000359669,0.013187867,0.078168085,0,0,0,0,0,0,0,0,0,0,0,0,29.47083282,34.86666489,24.86666679,160,22,1,50.21047211,60,14,18,48,7.658333778,40.270504,406.7859497,40,21.29999924,18.90000153,26.78333282,33.58333206
71,Iran,Kerman,Kahnuj,Rural,2014,IRN.13_1,IRN.13.5_1,13.9921682,574.4166565,686,0.03991664,0,0.000278244,0.002237308,0.001817103,0.001340113,3.97E-05,0.006019153,0.944297278,0.002859098,0,8.52E-06,0.001158403,0,2.84E-05,0,0,0,0,0,0,0,0,0,0,0,0,0,0,0,24.57083321,31.96666718,16.08333397,218,43,3,82.29238129,119,19,23,104,9.941666603,37.48568344,655.1945496,36.90000153,9.800000191,27.00000191,17.16666603,29.29999924
71,Iran,Kerman,Kahnuj,Rural,2015,IRN.13_1,IRN.13.5_1,14.13610063,527.583313,686,0.03991664,0,0.000278244,0.002237308,0.001817103,0.001340113,3.97E-05,0.006019153,0.944277403,0.002859098,0,8.52E-06,0.001178278,0,2.84E-05,0,0,0,0,0,0,0,0,0,0,0,0,0,0,0,24.57083321,31.96666718,16.08333397,218,43,3,82.29238129,119,19,23,104,9.941666603,37.48568344,655.1945496,36.90000153,9.800000191,27.00000191,17.16666603,29.29999924
72,Iran,Kerman,Kahnuj,Rural,2014,IRN.13_1,IRN.13.5_1,13.9921682,574.4166565,686,0.03991664,0,0.000278244,0.002237308,0.001817103,0.001340113,3.97E-05,0.006019153,0.944297278,0.002859098,0,8.52E-06,0.001158403,0,2.84E-05,0,0,0,0,0,0,0,0,0,0,0,0,0,0,0,24.57083321,31.96666718,16.08333397,218,43,3,82.29238129,119,19,23,104,9.941666603,37.48568344,655.1945496,36.90000153,9.800000191,27.00000191,17.16666603,29.29999924
72,Iran,Kerman,Kahnuj,Rural,2015,IRN.13_1,IRN.13.5_1,14.13610063,527.583313,686,0.03991664,0,0.000278244,0.002237308,0.001817103,0.001340113,3.97E-05,0.006019153,0.944277403,0.002859098,0,8.52E-06,0.001178278,0,2.84E-05,0,0,0,0,0,0,0,0,0,0,0,0,0,0,0,24.57083321,31.96666718,16.08333397,218,43,3,82.29238129,119,19,23,104,9.941666603,37.48568344,655.1945496,36.90000153,9.800000191,27.00000191,17.16666603,29.29999924
73,Iran,Kerman,Kahnuj,Rural,2014,IRN.13_1,IRN.13.5_1,13.9921682,574.4166565,686,0.03991664,0,0.000278244,0.002237308,0.001817103,0.001340113,3.97E-05,0.006019153,0.944297278,0.002859098,0,8.52E-06,0.001158403,0,2.84E-05,0,0,0,0,0,0,0,0,0,0,0,0,0,0,0,24.57083321,31.96666718,16.08333397,218,43,3,82.29238129,119,19,23,104,9.941666603,37.48568344,655.1945496,36.90000153,9.800000191,27.00000191,17.16666603,29.29999924
73,Iran,Kerman,Kahnuj,Rural,2015,IRN.13_1,IRN.13.5_1,14.13610063,527.583313,686,0.03991664,0,0.000278244,0.002237308,0.001817103,0.001340113,3.97E-05,0.006019153,0.944277403,0.002859098,0,8.52E-06,0.001178278,0,2.84E-05,0,0,0,0,0,0,0,0,0,0,0,0,0,0,0,24.57083321,31.96666718,16.08333397,218,43,3,82.29238129,119,19,23,104,9.941666603,37.48568344,655.1945496,36.90000153,9.800000191,27.00000191,17.16666603,29.29999924
74,Iran,Kerman,Kahnuj,Rural,2014,IRN.13_1,IRN.13.5_1,13.9921682,574.4166565,686,0.03991664,0,0.000278244,0.002237308,0.001817103,0.001340113,3.97E-05,0.006019153,0.944297278,0.002859098,0,8.52E-06,0.001158403,0,2.84E-05,0,0,0,0,0,0,0,0,0,0,0,0,0,0,0,24.57083321,31.96666718,16.08333397,218,43,3,82.29238129,119,19,23,104,9.941666603,37.48568344,655.1945496,36.90000153,9.800000191,27.00000191,17.16666603,29.29999924
74,Iran,Kerman,Kahnuj,Rural,2015,IRN.13_1,IRN.13.5_1,14.13610063,527.583313,686,0.03991664,0,0.000278244,0.002237308,0.001817103,0.001340113,3.97E-05,0.006019153,0.944277403,0.002859098,0,8.52E-06,0.001178278,0,2.84E-05,0,0,0,0,0,0,0,0,0,0,0,0,0,0,0,24.57083321,31.96666718,16.08333397,218,43,3,82.29238129,119,19,23,104,9.941666603,37.48568344,655.1945496,36.90000153,9.800000191,27.00000191,17.16666603,29.29999924
75,Pakistan,Punjab,Lahore,Urban,2014,PAK.7_1,PAK.7.5_1,1329.549503,3012.75,183,0.027255036,0.918239947,0.001278843,0.000737989,0.000197134,0,0.005312508,0.000161751,0.000596457,0.0013395,0,5.05E-06,0.038789901,0.005777542,0,0,0.000166806,0,0,0,0,0,0,0,0,9.60E-05,0,0,1.01E-05,3.54E-05,23.85833359,32.09999847,13.51666641,393,111,3,110.6638489,260,18,160,45,13.53333282,38.40375519,775.7366943,40.40000153,5.099999905,35.39999771,30.56666565,19.13333321
75,Pakistan,Punjab,Lahore,Urban,2015,PAK.7_1,PAK.7.5_1,1363.051604,3049.166626,183,0.027229762,0.917719312,0.001278843,0.000737989,0.000197134,0,0.005312508,0.000161751,0.000596457,0.0013395,0,5.05E-06,0.03933581,0.005777542,0,0,0.000166806,0,0,0,0,0,0,0,0,9.60E-05,0,0,1.01E-05,3.54E-05,23.85833359,32.09999847,13.51666641,393,111,3,110.6638489,260,18,160,45,13.53333282,38.40375519,775.7366943,40.40000153,5.099999905,35.39999771,30.56666565,19.13333321
76,Iran,Hormozgan,Bandar-e-Abbas,Rural,2014,IRN.11_1,IRN.11.2_1,57.98949004,806,533,0.011219243,0,0,0.000505847,0.000573797,0.009248703,0,0.010524647,0.954881428,0,0,0,0.008916505,0.000407698,0.003382383,6.79E-05,0,0.000120799,0,0,0,0,0,0,0,0,0,0.000150999,0,0,25.45416641,32.75,17.04999924,263,51,3,84.93702698,149,21,32,138,9.858333588,37.08333206,638.6948242,37.40000153,11.10000038,26.20000076,18.16666603,28.36666679
76,Iran,Hormozgan,Bandar-e-Abbas,Rural,2015,IRN.11_1,IRN.11.2_1,59.55605052,715.333313,533,0.011219243,0,0,0.000505847,0.000573797,0.009248703,0,0.010524647,0.954881428,0,0,0,0.008916505,0.000407698,0.003382383,6.79E-05,0,0.000120799,0,0,0,0,0,0,0,0,0,0.000150999,0,0,25.45416641,32.75,17.04999924,263,51,3,84.93702698,149,21,32,138,9.858333588,37.08333206,638.6948242,37.40000153,11.10000038,26.20000076,18.16666603,28.36666679
77,Iran,Hormozgan,Bandar-e-Abbas,Rural,2014,IRN.11_1,IRN.11.2_1,57.98949004,806,533,0.011219243,0,0,0.000505847,0.000573797,0.009248703,0,0.010524647,0.954881428,0,0,0,0.008916505,0.000407698,0.003382383,6.79E-05,0,0.000120799,0,0,0,0,0,0,0,0,0,0.000150999,0,0,25.45416641,32.75,17.04999924,263,51,3,84.93702698,149,21,32,138,9.858333588,37.08333206,638.6948242,37.40000153,11.10000038,26.20000076,18.16666603,28.36666679
77,Iran,Hormozgan,Bandar-e-Abbas,Rural,2015,IRN.11_1,IRN.11.2_1,59.55605052,715.333313,533,0.011219243,0,0,0.000505847,0.000573797,0.009248703,0,0.010524647,0.954881428,0,0,0,0.008916505,0.000407698,0.003382383,6.79E-05,0,0.000120799,0,0,0,0,0,0,0,0,0,0.000150999,0,0,25.45416641,32.75,17.04999924,263,51,3,84.93702698,149,21,32,138,9.858333588,37.08333206,638.6948242,37.40000153,11.10000038,26.20000076,18.16666603,28.36666679
78,Iran,Hormozgan,Bandar-e-Abbas,Rural,2014,IRN.11_1,IRN.11.2_1,57.98949004,806,533,0.011219243,0,0,0.000505847,0.000573797,0.009248703,0,0.010524647,0.954881428,0,0,0,0.008916505,0.000407698,0.003382383,6.79E-05,0,0.000120799,0,0,0,0,0,0,0,0,0,0.000150999,0,0,25.45416641,32.75,17.04999924,263,51,3,84.93702698,149,21,32,138,9.858333588,37.08333206,638.6948242,37.40000153,11.10000038,26.20000076,18.16666603,28.36666679
78,Iran,Hormozgan,Bandar-e-Abbas,Rural,2015,IRN.11_1,IRN.11.2_1,59.55605052,715.333313,533,0.011219243,0,0,0.000505847,0.000573797,0.009248703,0,0.010524647,0.954881428,0,0,0,0.008916505,0.000407698,0.003382383,6.79E-05,0,0.000120799,0,0,0,0,0,0,0,0,0,0.000150999,0,0,25.45416641,32.75,17.04999924,263,51,3,84.93702698,149,21,32,138,9.858333588,37.08333206,638.6948242,37.40000153,11.10000038,26.20000076,18.16666603,28.36666679
79,India,Tamil Nadu,Chennai,Urban,2016,IND.31_1,IND.31.2_1,22882.18122,2176.166748,15,0.019895784,0.021790621,0.006631928,0.007579346,0,0,0,0,0,0.000473709,0,0.009000474,0.918048318,0.011369019,0,0.000947418,0,0,0,0,0,0,0.004263382,0,0,0,0,0,0,0,28.90833282,31.95000076,25.58333397,1247,337,4,98.74460602,730,24,115,502,8.966667175,52.63157654,262.9033813,37.79999924,20.79999924,17.00000191,26.70000076,28.63333321
79,India,Tamil Nadu,Chennai,Urban,2017,IND.31_1,IND.31.2_1,23041.24698,1898.666626,15,0.01657982,0.021316911,0.006631928,0.007579346,0,0,0,0,0,0.000473709,0,0.009000474,0.921837991,0.011369019,0,0.000947418,0,0,0,0,0,0,0.004263382,0,0,0,0,0,0,0,28.90833282,31.95000076,25.58333397,1247,337,4,98.74460602,730,24,115,502,8.966667175,52.63157654,262.9033813,37.79999924,20.79999924,17.00000191,26.70000076,28.63333321
80,India,Tamil Nadu,Chennai,Urban,2016,IND.31_1,IND.31.2_1,22882.18122,2176.166748,15,0.019895784,0.021790621,0.006631928,0.007579346,0,0,0,0,0,0.000473709,0,0.009000474,0.918048318,0.011369019,0,0.000947418,0,0,0,0,0,0,0.004263382,0,0,0,0,0,0,0,28.90833282,31.95000076,25.58333397,1247,337,4,98.74460602,730,24,115,502,8.966667175,52.63157654,262.9033813,37.79999924,20.79999924,17.00000191,26.70000076,28.63333321
80,India,Tamil Nadu,Chennai,Urban,2017,IND.31_1,IND.31.2_1,23041.24698,1898.666626,15,0.01657982,0.021316911,0.006631928,0.007579346,0,0,0,0,0,0.000473709,0,0.009000474,0.921837991,0.011369019,0,0.000947418,0,0,0,0,0,0,0.004263382,0,0,0,0,0,0,0,28.90833282,31.95000076,25.58333397,1247,337,4,98.74460602,730,24,115,502,8.966667175,52.63157654,262.9033813,37.79999924,20.79999924,17.00000191,26.70000076,28.63333321
81,Ethiopia,Dire Dawa,Dire Dawa,Mixture/Unclear,2019,ETH.5_1,ETH.5.1_1,435.9458907,1932.25,1753,0.154428126,0.000534045,0.055184691,0.080551847,0.087316422,0.002314197,0.382287494,0,0,0.001958166,0,0.105384958,0.01975968,0,0,0,0,0.006675567,0.000534045,0.004094348,0.098976413,0,0,0,0,0,0,0,0,0,23.58125019,25.74166679,20.96666718,625.5,116.5,6,66.64944077,282,36,195,37,12.88333321,66.66666412,192.3119965,32.75,13.19999981,19.30000114,24.69999886,20.96666718
82,Ethiopia,Somali,Korahe,Rural,2019,ETH.9_1,ETH.9.5_1,13.33346925,1712.916687,731,0.000849247,5.86E-06,0.000424623,0.000556403,0.640739255,0,0.070458213,0.000568117,0.000193277,7.91E-05,0,0.011333054,9.08E-05,0,0.000146422,0,0.001519859,2.05E-05,0.014747613,0.258018795,9.08E-05,0.000158136,0,0,0,0,0,0,0,0,26.38333321,27.41666603,25.39999962,371,110,1,131.7027435,202,4,147,44,12.36666679,74.75344849,85.5585556,34.59999847,18.10000038,16.30000114,27.33333206,25.95000076
83,Ethiopia,Afar,Afar Zone 3,Mixture/Unclear,2019,ETH.2_1,ETH.2.3_1,15.75648612,1415.916626,808,0.072051576,0.042718348,0.012165725,0.0279106,0.308535202,0.000107262,0.276074451,0.002980744,0.095620904,0.001349238,0,0.008863196,5.65E-05,0.008733353,0,0.004990488,0.000903256,0.007993813,0.002382337,0.005227592,0.117999063,0,0.003336401,0,0,0,0,0,0,0,25.58749962,28.31666756,22.46666718,495,119,6,81.35517883,266,27,167,35,12.86666679,60.3286438,242.9377289,36.40000153,14.60000038,21.20000076,27.06666756,23.08333397
84,Ethiopia,Oromia,Misraq Shewa,Mixture/Unclear,2019,ETH.8_1,ETH.8.15_1,225.1931586,2240.333252,1676,0.353838509,0.029712346,0.060887339,0.06854748,0.15059631,0.000431293,0.010266652,0,9.38E-05,0.236883063,0,0.005316157,0.007763276,0.055758701,0,0.003975398,0.000609436,0.000262526,0.003891014,0.003290954,0.006169367,0,0.001706421,0,0,0,0,0,0,0,18.75416565,19.83333397,17.54999924,849,186,5,86.12182617,468,33,205,33,15.25,76.67464447,105.245018,27.89999962,8.399999619,19.70000076,18.61666679,17.54999924
85,India,Tamil Nadu,Chennai,Urban,2015,IND.31_1,IND.31.2_1,22855.52733,2113.416748,15,0.020843202,0.021790621,0.006631928,0.007579346,0,0,0,0,0,0.000947418,0,0.009000474,0.916627191,0.011369019,0,0.000947418,0,0,0,0,0,0,0.004263382,0,0,0,0,0,0,0,28.90833282,31.95000076,25.58333397,1247,337,4,98.74460602,730,24,115,502,8.966667175,52.63157654,262.9033813,37.79999924,20.79999924,17.00000191,26.70000076,28.63333321
85,India,Tamil Nadu,Chennai,Urban,2016,IND.31_1,IND.31.2_1,22882.18122,2176.166748,15,0.019895784,0.021790621,0.006631928,0.007579346,0,0,0,0,0,0.000473709,0,0.009000474,0.918048318,0.011369019,0,0.000947418,0,0,0,0,0,0,0.004263382,0,0,0,0,0,0,0,28.90833282,31.95000076,25.58333397,1247,337,4,98.74460602,730,24,115,502,8.966667175,52.63157654,262.9033813,37.79999924,20.79999924,17.00000191,26.70000076,28.63333321
